Month,Year,Municipality,Establishment Count,VGT Count,Amount Played,Amount Won,Net Wager,Funds In,Funds Out,Net Terminal Income,NTI Tax,State Share,Municipality Share
OCT,17,Abingdon,3,12,437868.56,393977.41,43891.15,118610,74719.18,43890.82,13167.43,10972.87,2194.56
OCT,17,Adams County,11,38,1647467.2,1518756.55,128710.65,474331,345619.49,128711.51,38613.89,32178.24,6435.65
OCT,17,Addieville,1,4,63466.51,60292.18,3174.33,21148,17973.44,3174.56,952.37,793.64,158.73
OCT,17,Addison,20,90,6916973.51,6330683.63,586289.88,2134396,1548105.94,586290.06,175888,146573.37,29314.63
OCT,17,Albany,2,8,105698.44,97343.94,8354.5,38892,30538.1,8353.9,2506.24,2088.53,417.71
OCT,17,Albers,1,3,118950.88,106024.93,12925.95,37438,24512.05,12925.95,3877.82,3231.51,646.31
OCT,17,Albion,3,10,152683.86,142153.15,10530.71,31861,21330.29,10530.71,3159.28,2632.73,526.55
OCT,17,Aledo,3,11,427792.72,399488.58,28304.14,125848,97543.87,28304.13,8491.21,7076.01,1415.2
OCT,17,Alexander County,3,12,371638.86,344286.15,27352.71,98307,70954.75,27352.25,8205.8,6838.17,1367.63
OCT,17,Alexis,2,6,141000.96,130116.87,10884.09,42226,31341.81,10884.19,3265.33,2721.11,544.22
OCT,17,Algonquin,13,59,1997600.1,1832075.79,165524.31,616188,450664.2,165523.8,49657.67,41381.4,8276.27
OCT,17,Alhambra,2,5,89186.47,80151.71,9034.76,28517,19482.29,9034.71,2710.5,2258.75,451.75
OCT,17,Alorton,1,5,1248175.58,1150385.01,97790.57,384723,286876.4,97846.6,29354.06,24461.72,4892.34
OCT,17,Alsey,1,4,41609.55,38704.34,2905.21,11473,8567.67,2905.33,871.62,726.35,145.27
OCT,17,Alsip,11,55,4272069.74,3918779.48,353290.26,1358046,1004719,353327,105998.62,88332.23,17666.39
OCT,17,Altamont,5,22,449475.96,410324.8,39151.16,124948,85796.98,39151.02,11745.4,9787.84,1957.56
OCT,17,Alton,31,128,6427520.67,5961812.84,465707.83,1855133,1389425.87,465707.13,139713.34,116427.84,23285.5
OCT,17,Altona,1,5,152223.9,139312.28,12911.62,40969,28057.38,12911.62,3873.51,3227.92,645.59
OCT,17,Amboy,6,28,934962.32,865353.64,69608.68,272651,203041.97,69609.03,20882.9,17402.43,3480.47
OCT,17,Andalusia,1,3,65609.7,59855.83,5753.87,20167,14413.13,5753.87,1726.24,1438.54,287.7
OCT,17,Anna,7,32,1050902.88,970609.77,80293.11,321328,241035.11,80292.89,24088.03,20073.35,4014.68
OCT,17,Annawan,3,15,806572.84,744602.27,61970.57,249201,187358.85,61842.15,18552.84,15460.69,3092.15
OCT,17,Antioch,16,73,4916820.88,4541304.41,375516.47,1554662,1179145.2,375516.8,112655.28,93879.42,18775.86
OCT,17,Arcola,3,13,301011.28,274685.19,26326.09,80113,53787.22,26325.78,7897.85,6581.54,1316.31
OCT,17,Arenzville,1,2,28991.88,25679.98,3311.9,8758,5446.1,3311.9,993.57,827.98,165.59
OCT,17,Argenta,2,10,181413.37,172887.46,8525.91,63045,54519.09,8525.91,2557.86,2131.56,426.3
OCT,17,Arlington,1,4,201365.1,189798.7,11566.4,52043,40476.6,11566.4,3469.98,2891.65,578.33
OCT,17,Armington,1,3,59129.65,54923.16,4206.49,15405,11198.51,4206.49,1261.99,1051.66,210.33
OCT,17,Aroma Park,3,10,372011.73,336229.79,35781.94,110700,74918.06,35781.94,10734.7,8945.59,1789.11
OCT,17,Arthur,3,14,291801.79,267815.2,23986.59,97397,73410.43,23986.57,7196.1,5996.75,1199.35
OCT,17,Ashkum,2,6,232372.26,215221.8,17150.46,77752,60601.54,17150.46,5145.21,4287.68,857.53
OCT,17,Ashland,2,9,186827.7,169568.49,17259.21,61298,44039.06,17258.94,5177.76,4314.81,862.95
OCT,17,Ashley,3,15,528075.43,488104.11,39971.32,155484,115512.68,39971.32,11991.47,9992.89,1998.58
OCT,17,Ashmore,3,15,593087.62,555290.86,37796.76,147092,109295.19,37796.81,11339.14,9449.3,1889.84
OCT,17,Ashton,3,14,374783.64,347944.66,26838.98,124674,97835.1,26838.9,8051.77,6709.83,1341.94
OCT,17,Assumption,2,9,243911.14,225907.09,18004.05,73046,55042.59,18003.41,5401.08,4500.91,900.17
OCT,17,Astoria,1,3,83561.36,77457.46,6103.9,22939,16835.1,6103.9,1831.16,1525.97,305.19
OCT,17,Athens,4,19,602185.89,558541.45,43644.44,192323,148678.58,43644.42,13093.49,10911.25,2182.24
OCT,17,Atlanta,3,13,280680.71,265643.22,15037.49,86298,71260.48,15037.52,4511.28,3759.4,751.88
OCT,17,Atwood,2,10,288117.61,267165.33,20952.28,77536,56583.23,20952.77,6285.91,5238.25,1047.66
OCT,17,Auburn,8,31,882877,799210.86,83666.14,272256,188589.9,83666.1,25100.03,20916.7,4183.33
OCT,17,Augusta,2,7,139570.77,125778.89,13791.88,42625,28833.44,13791.56,4137.53,3447.95,689.58
OCT,17,Aurora,31,141,7850729.04,7255195.28,595533.76,2300758,1705223.98,595534.02,178661.6,148884.73,29776.87
OCT,17,Ava,2,7,133052.46,118744.69,14307.77,31919,17611.23,14307.77,4292.35,3576.96,715.39
OCT,17,Aviston,3,9,279949.79,260182.42,19767.37,89552,69784.65,19767.35,5930.24,4941.88,988.36
OCT,17,Avon,1,4,174270.24,157559.96,16710.28,55803,39093.01,16709.99,5013.06,4177.55,835.51
OCT,17,Baldwin,2,5,88373.82,81728.04,6645.78,36155,29509.37,6645.63,1993.77,1661.48,332.29
OCT,17,Banner,2,8,286777.51,265273.61,21503.9,105550,84046.08,21503.92,6451.26,5376.05,1075.21
OCT,17,Barry,5,19,565941.11,524675.9,41265.21,171107,129792.99,41314.01,12394.24,10328.55,2065.69
OCT,17,Bartelso,4,11,139479.88,123791.62,15688.26,46900,31211.87,15688.13,4706.51,3922.1,784.41
OCT,17,Bartlett,11,47,4101081.23,3765396.55,335684.68,1238385,902699.93,335685.07,100706.16,83921.8,16784.36
OCT,17,Bartonville,17,79,3084587.94,2865356.18,219231.76,964254,745023.05,219230.95,65769.88,54808.26,10961.62
OCT,17,Basco,1,2,85076.7,78768.98,6307.72,31997,25689.28,6307.72,1892.32,1576.93,315.39
OCT,17,Batavia,6,30,654785.97,594490.69,60295.28,201471,141175.91,60295.09,18088.79,15074.02,3014.77
OCT,17,Batchtown,1,5,148828.58,142040.46,6788.12,42323,35534.88,6788.12,2036.42,1697.01,339.41
OCT,17,Bath,1,3,72005.49,68048.08,3957.41,26836,22878.59,3957.41,1187.25,989.38,197.87
OCT,17,Beach Park,4,19,1039635.51,961454.21,78181.3,335365,257153.9,78211.1,23463.56,19552.96,3910.6
OCT,17,Beardstown,8,37,1470967.05,1356615.33,114351.72,409588,295236.58,114351.42,34305.84,28588.23,5717.61
OCT,17,Beaverville,2,5,0,0,0,0,0,0,0,0,0
OCT,17,Beckemeyer,2,10,490505.49,449692.02,40813.47,154751,113937.63,40813.37,12244.1,10203.42,2040.68
OCT,17,Bedford Park,4,18,1974577.38,1812751.34,161826.04,625974,464462.73,161511.27,48453.5,40377.91,8075.59
OCT,17,Beecher,9,40,1276591.41,1176792.98,99798.43,417797,317998.55,99798.45,29939.89,24949.94,4989.95
OCT,17,Belgium,3,15,354271.05,321835.34,32435.71,107699,75263.33,32435.67,9730.88,8109.07,1621.81
OCT,17,Belleville,29,128,5786149.2,5338048.61,448100.59,1840879,1392778.23,448100.77,134431.41,112026.23,22405.18
OCT,17,Bellevue,3,15,552758.7,512357.28,40401.42,173844,133442.1,40401.9,12120.64,10100.54,2020.1
OCT,17,Bellwood,2,8,385917.61,356718.76,29198.85,137497,108298.15,29198.85,8759.81,7299.84,1459.97
OCT,17,Belvidere,20,97,5936268.53,5459378.44,476890.09,1793414,1316523.86,476890.14,143067.92,119223.29,23844.63
OCT,17,Bement,4,18,365382.14,337076.32,28305.82,121439,93133.98,28305.02,8491.66,7076.4,1415.26
OCT,17,Benld,3,14,334414.37,301846.49,32567.88,103413,70845.12,32567.88,9770.5,8142.09,1628.41
OCT,17,Bensenville,4,20,1108769.4,1004315.69,104453.71,363163,258709.23,104453.77,31336.29,26113.57,5222.72
OCT,17,Benson,2,7,213675.8,196903.79,16772.01,55660,38888.23,16771.77,5031.54,4192.95,838.59
OCT,17,Benton,13,61,2024826.57,1881706.45,143120.12,574565,431446.25,143118.75,42936.09,35780.09,7156
OCT,17,Berkeley,6,28,1797720.66,1643035.75,154684.91,544176,389489.87,154686.13,46406.15,38671.81,7734.34
OCT,17,Berwyn,54,245,12245557.78,11256565.38,988992.4,3932972,2943718.36,989253.64,296778.35,247315.39,49462.96
OCT,17,Bethalto,3,11,367070.38,340681.15,26389.23,96965,70575.77,26389.23,7916.95,6597.46,1319.49
OCT,17,Bethany,1,5,80911.72,74389.73,6521.99,25414,18891.88,6522.12,1956.72,1630.61,326.11
OCT,17,Big Rock,1,4,165663.46,152690.08,12973.38,50422,37448.62,12973.38,3892.01,3243.34,648.67
OCT,17,Bishop Hill,1,3,79316.75,77108.58,2208.17,23738,21529.88,2208.12,662.41,552.01,110.4
OCT,17,Blandinsville,3,9,144185.77,130293.75,13892.02,38242,24349.83,13892.17,4167.84,3473.2,694.64
OCT,17,Bloomingdale,7,23,1030164.35,951647.54,78516.81,331196,252679.12,78516.88,23555.3,19629.44,3925.86
OCT,17,Bloomington,57,254,15606277.07,14361183.6,1245093.47,4963119,3717925.03,1245193.97,373560.55,311300.51,62260.04
OCT,17,Blue Island,25,111,5282717.31,4881289.1,401428.21,1700111,1298719.44,401391.56,120418.5,100348.8,20069.7
OCT,17,Blue Mound,2,10,300162.94,273202.52,26960.42,94164,67203.58,26960.42,8088.24,6740.21,1348.03
OCT,17,Bluffs,1,5,278118.61,248379.14,29739.47,91330,61590.43,29739.57,8921.85,7434.88,1486.97
OCT,17,Bond County,1,3,29780.61,26664.74,3115.87,8317,5201.13,3115.87,934.81,779.01,155.8
OCT,17,Boone County,10,44,1880080.4,1720222.54,159857.86,586816,426958,159858,47957.77,39964.82,7992.95
OCT,17,Bourbonnais,4,18,839506.84,768463.75,71043.09,277530,206486.68,71043.32,21313.11,17760.93,3552.18
OCT,17,Bowen,1,3,43191.74,39122.81,4068.93,13607,9538.07,4068.93,1220.74,1017.28,203.46
OCT,17,Braceville,1,2,0,0,0,2,2,0,0,0,0
OCT,17,Bradford,2,7,113953.88,107491.78,6462.1,32382,25920.08,6461.92,1938.6,1615.51,323.09
OCT,17,Bradley,22,98,4208214.3,3827429.53,380784.77,1414331,1033546.82,380784.18,114236.43,95197.09,19039.34
OCT,17,Braidwood,5,22,893397.9,823143,70254.9,265571,195316.16,70254.84,21076.5,17563.75,3512.75
OCT,17,Breese,9,33,1070066.61,993371.35,76695.26,334495,257498.98,76996.02,23099.02,19249.2,3849.82
OCT,17,Bridgeport,6,22,450255.33,414933.81,35321.52,135805,100474.77,35330.23,10599.19,8832.66,1766.53
OCT,17,Bridgeview,25,119,7513523.27,6891218.62,622304.65,2346748,1724253.53,622494.47,186749.35,155624.45,31124.9
OCT,17,Brighton,1,4,87570.69,81616.56,5954.13,25032,19077.87,5954.13,1786.28,1488.56,297.72
OCT,17,Brimfield,3,15,404126.25,375953.95,28172.3,137447,109274.8,28172.2,8451.86,7043.22,1408.64
OCT,17,Broadlands,1,5,86515.08,80514.05,6001.03,34782,28780.97,6001.03,1800.34,1500.29,300.05
OCT,17,Broadview,5,22,1094511.3,995658.66,98852.64,368320,269467.36,98852.64,29656.08,24713.4,4942.68
OCT,17,Brocton,1,5,71951.54,66501.99,5449.55,22261,16811.37,5449.63,1634.93,1362.44,272.49
OCT,17,Brookfield,14,67,3411366.29,3142276.12,269090.17,1147248,878154.69,269093.31,80728.67,67273.91,13454.76
OCT,17,Brooklyn,1,3,159109.17,147753.04,11356.13,46692,35488.8,11203.2,3360.97,2800.81,560.16
OCT,17,Brown County,1,2,8001.59,6979.94,1021.65,2520,1498.35,1021.65,306.49,255.41,51.08
OCT,17,Bryant,1,3,62666.55,55466.96,7199.59,18827,11627.17,7199.83,2159.98,1799.98,360
OCT,17,Buckley,2,10,467618.43,422883.17,44735.26,142194,97360.49,44833.51,13450.12,11208.43,2241.69
OCT,17,Buckner,1,5,251481.27,226634.84,24846.43,72078,47231.57,24846.43,7453.98,6211.65,1242.33
OCT,17,Buffalo,1,3,73026.04,68554.05,4471.99,21360,16888.01,4471.99,1341.63,1118.03,223.6
OCT,17,Buffalo Grove,8,36,1258755.03,1159925.71,98829.32,422851,324021.1,98829.9,29649.3,24707.75,4941.55
OCT,17,Bull Valley,1,4,26157.52,25645.71,511.81,9724,9212.16,511.84,153.61,128.01,25.6
OCT,17,Bulpitt,1,5,164031.42,151979.09,12052.33,53330,41278.11,12051.89,3615.69,3013.08,602.61
OCT,17,Buncombe,2,8,244614.72,223990.35,20624.37,76343,55718.51,20624.49,6187.4,5156.17,1031.23
OCT,17,Bunker Hill,2,10,250619.07,229703.79,20915.28,77307,56391.22,20915.78,6274.85,5229.04,1045.81
OCT,17,Burbank,22,107,7837838.29,7214683.73,623154.56,2449896,1826713.23,623182.77,186955.7,155796.43,31159.27
OCT,17,Bureau,1,5,147796.67,145776.96,2019.71,50126,48106.32,2019.68,605.89,504.91,100.98
OCT,17,Bureau County,3,9,64433.46,59962.37,4471.09,22315,17842.81,4472.19,1341.7,1118.09,223.61
OCT,17,Burlington,1,5,143589.12,131730.73,11858.39,46376,34517.61,11858.39,3557.56,2964.63,592.93
OCT,17,Burnham,3,15,1125407.04,1035727.6,89679.44,377426,287785.51,89640.49,26892.31,22410.27,4482.04
OCT,17,Bushnell,5,18,504940.79,471825.39,33115.4,166090,132974.71,33115.29,9934.65,8278.88,1655.77
OCT,17,Byron,6,27,1118841.84,1024961.15,93880.69,393503,299621.69,93881.31,28164.63,23470.55,4694.08
OCT,17,Cabery,1,4,57218.5,50662,6556.5,20351,13794.44,6556.56,1966.97,1639.14,327.83
OCT,17,Cahokia,9,39,1280696.67,1194680.95,86015.72,376111,290095.41,86015.59,25805.09,21504.27,4300.82
OCT,17,Cairo,4,18,622932.66,567717.38,55215.28,209879,154663.95,55215.05,16564.79,13803.99,2760.8
OCT,17,Calhoun County,4,17,244850.21,227274.91,17575.3,76693,59117.34,17575.66,5272.79,4393.99,878.8
OCT,17,Calumet City,18,82,5145239.72,4751262.37,393977.35,1765979,1372040.84,393938.16,118182.27,98485.24,19697.03
OCT,17,Calumet Park,10,45,3800865,3494152.39,306712.61,1286086,979392.89,306693.11,92008.45,76673.74,15334.71
OCT,17,Cambridge,2,8,224887.17,205823.87,19063.3,53389,34325.72,19063.28,5719.08,4765.9,953.18
OCT,17,Camp Point,2,5,70753.1,62594.3,8158.8,22182,14023.2,8158.8,2447.65,2039.71,407.94
OCT,17,Campbell Hill,2,8,307836.92,283386.37,24450.55,91156,66707.04,24448.96,7334.74,6112.29,1222.45
OCT,17,Campus,1,3,50874.1,47043.88,3830.22,18077,14246.78,3830.22,1149.1,957.59,191.51
OCT,17,Canton,11,50,2434739.15,2256858.15,177881,734676,556795.23,177880.77,53364.71,44470.6,8894.11
OCT,17,Cantrall,1,3,59033.6,53280.81,5752.79,16559,10806.15,5752.85,1725.86,1438.22,287.64
OCT,17,Capron,1,5,164909.47,150540.1,14369.37,52935,38565.85,14369.15,4310.83,3592.36,718.47
OCT,17,Carbon Cliff,2,10,242892.48,223341.9,19550.58,70676,51125.42,19550.58,5865.21,4887.69,977.52
OCT,17,Carbon Hill,2,7,279921.11,256994.97,22926.14,82565,59638.76,22926.24,6877.88,5731.57,1146.31
OCT,17,Carbondale,22,98,4074459.89,3760118.06,314341.83,1300851,986508.6,314342.4,94303.61,78586.44,15717.17
OCT,17,Carlinville,9,37,1668583.12,1530203.15,138379.97,485308,346927.75,138380.25,41514.38,34595.34,6919.04
OCT,17,Carlyle,6,26,1002846.65,920374.72,82471.93,292138,209666.03,82471.97,24741.88,20618.25,4123.63
OCT,17,Carmi,8,34,1370181.35,1262816.58,107364.77,382051,274705.58,107345.42,32203.79,26836.51,5367.28
OCT,17,Carol Stream,12,59,4549092.37,4177517.58,371574.79,1410796,1039221.09,371574.91,111473.13,92894.31,18578.82
OCT,17,Carpentersville,19,87,4636760.22,4234594.47,402165.75,1453102,1050936.36,402165.64,120650.75,100542.34,20108.41
OCT,17,Carrier Mills,2,9,391523.66,366427.31,25096.35,124921,99824.65,25096.35,7529.02,6274.19,1254.83
OCT,17,Carroll County,2,7,335141.95,308242.26,26899.69,105543,78643.31,26899.69,8070,6725,1345
OCT,17,Carrollton,5,25,983681.17,908886.83,74794.34,299111,224316.75,74794.25,22438.62,18698.85,3739.77
OCT,17,Carterville,1,5,243903.91,227464.22,16439.69,73972,57544.26,16427.74,4928.35,4106.96,821.39
OCT,17,Carthage,2,8,241830.31,221487.69,20342.62,74553,54210.24,20342.76,6102.89,5085.76,1017.13
OCT,17,Cary,8,38,1427219.04,1321613.87,105605.17,472884,367278.82,105605.18,31681.93,26401.63,5280.3
OCT,17,Casey,5,23,966658.32,898490.67,68167.65,262895,194727.18,68167.82,20450.49,17042.07,3408.42
OCT,17,Caseyville,16,69,3202821.45,2960759.96,242061.49,983875,741815.82,242059.18,72618.37,60515.32,12103.05
OCT,17,Cass County,1,5,113227.53,102384.88,10842.65,32255,21412.35,10842.65,3252.85,2710.71,542.14
OCT,17,Catlin,1,5,158295.43,146488.12,11807.31,53829,42021.69,11807.31,3542.25,2951.87,590.38
OCT,17,Cedar Point,2,8,194499.87,176886.59,17613.28,62617,45003.72,17613.28,5284.04,4403.37,880.67
OCT,17,Central City,3,15,900123.35,844484.76,55638.59,261846,206207.34,55638.66,16691.67,13909.72,2781.95
OCT,17,Centralia,20,97,4567882.1,4193293.38,374588.72,1280913,906310.69,374602.31,112381.69,93651.44,18730.25
OCT,17,Centreville,2,8,545859.31,499711.65,46147.66,177593,131466.25,46126.75,13838.11,11531.76,2306.35
OCT,17,Cerro Gordo,1,4,91921.2,84984.71,6936.49,35577,28640.49,6936.51,2080.99,1734.16,346.83
OCT,17,Champaign,58,273,14851012.06,13618849.6,1232162.46,4928258,3696346.29,1231911.71,369575.72,307979.83,61595.89
OCT,17,Champaign County,6,26,1513040.68,1395330.69,117709.99,459773,342187.95,117585.05,35275.75,29396.47,5879.28
OCT,17,Chandlerville,2,5,87919.83,81678.92,6240.91,35307,29066.09,6240.91,1872.31,1560.26,312.05
OCT,17,Channahon,7,27,1373652.28,1269022.66,104629.62,406232,301602.49,104629.51,31389.04,26157.53,5231.51
OCT,17,Charleston,17,73,2862908.46,2645190.3,217718.16,850534,632815.69,217718.31,65315.97,54429.99,10885.98
OCT,17,Chatham,12,53,1733473.96,1602786.95,130687.01,544812,414125.1,130686.9,39206.44,32672.04,6534.4
OCT,17,Chatsworth,2,8,104456.54,96107.94,8348.6,32475,24126.4,8348.6,2504.64,2087.2,417.44
OCT,17,Chebanse,4,14,206652.07,183750.61,22901.46,65419,42517.68,22901.32,6870.66,5725.55,1145.11
OCT,17,Chenoa,5,25,940315.63,860793.48,79522.15,267323,187800.57,79522.43,23856.97,19880.81,3976.16
OCT,17,Cherry,1,5,54306.83,50494.14,3812.69,16952,13139.37,3812.63,1143.85,953.21,190.64
OCT,17,Cherry Valley,8,38,2468427.55,2298854.26,169573.29,691498,521924.19,169573.81,50872.4,42393.68,8478.72
OCT,17,Chester,10,46,2098292.75,1935168.53,163124.22,612158,449034.11,163123.89,48937.46,40781.22,8156.24
OCT,17,Chesterfield,1,3,48058.65,42014.57,6044.08,14258,8213.92,6044.08,1813.26,1511.05,302.21
OCT,17,Chicago Heights,16,72,4284524.67,3931608.7,352915.97,1498344,1145428.12,352915.88,105875.29,88229.44,17645.85
OCT,17,Chicago Ridge,20,91,5739422.22,5284949.33,454472.89,1735959,1281485.02,454473.98,136343.11,113619.28,22723.83
OCT,17,Chillicothe,13,62,2297444.37,2113632.4,183811.97,728847,545034.75,183812.25,55144.01,45953.37,9190.64
OCT,17,Christian County,5,21,571846.93,521454.41,50392.52,180529,130136.7,50392.3,15117.83,12598.21,2519.62
OCT,17,Christopher,7,30,1098218.33,1029944.9,68273.43,310166,241892.87,68273.13,20482.12,17068.44,3413.68
OCT,17,Cicero,33,146,11983725.84,11007284.81,976441.03,4050392,3073949.66,976442.34,292934.24,244111.89,48822.35
OCT,17,Cissna Park,1,3,65742.81,59360.95,6381.86,19662,13280.14,6381.86,1914.54,1595.45,319.09
OCT,17,Claremont,1,3,42113.05,36616.69,5496.36,20146,14649.64,5496.36,1648.92,1374.1,274.82
OCT,17,Clark County,2,7,109450.81,99314.08,10136.73,32742,22605.07,10136.93,3041.13,2534.28,506.85
OCT,17,Clay City,2,8,286948.44,262280.13,24668.31,87063,62394.75,24668.25,7400.57,6167.14,1233.43
OCT,17,Clay County,1,3,29255.77,27491.43,1764.34,9340,7575.66,1764.34,529.28,441.06,88.22
OCT,17,Clayton,1,3,28273.19,26621.93,1651.26,7702,6051.06,1650.94,495.29,412.74,82.55
OCT,17,Clifton,4,18,449295.09,403961.76,45333.33,162819,117485.45,45333.55,13600.31,11333.59,2266.72
OCT,17,Clinton,8,38,2347967.11,2169235.46,178731.65,700906,522132.3,178773.7,53632.58,44693.83,8938.75
OCT,17,Clinton County,8,36,1063728.29,971125.61,92602.68,341245,248643.21,92601.79,27780.84,23150.7,4630.14
OCT,17,Coal City,6,23,1137604.84,1037544.62,100060.22,341583,241522.67,100060.33,30018.23,25015.21,5003.02
OCT,17,Coal Valley,4,15,318126.41,289569.6,28556.81,91947,63390.21,28556.79,8567.15,7139.3,1427.85
OCT,17,Coalton,1,4,155641.93,143285.13,12356.8,51553,39196.37,12356.63,3707,3089.17,617.83
OCT,17,Cobden,1,3,97719.17,91220.09,6499.08,26620,20120.92,6499.08,1949.75,1624.79,324.96
OCT,17,Coles County,1,4,22165.65,21590.47,575.18,6013,5437.82,575.18,172.56,143.8,28.76
OCT,17,Colfax,1,3,69623.57,64177.35,5446.22,21905,16458.78,5446.22,1633.87,1361.56,272.31
OCT,17,Collinsville,20,86,3287610.33,2996244.3,291366.03,990938,699573.79,291364.21,87410.06,72841.73,14568.33
OCT,17,Colona,4,18,643326.01,589712.26,53613.75,201023,147409.31,53613.69,16084.27,13403.56,2680.71
OCT,17,Columbia,7,24,1190918.33,1101914.69,89003.64,351062,261977.85,89084.15,26725.45,22271.2,4454.25
OCT,17,Compton,1,3,52992.51,46143.38,6849.13,16856,10006.87,6849.13,2054.75,1712.29,342.46
OCT,17,Cooksville,1,5,241764.32,220796.89,20967.43,76245,55277.61,20967.39,6290.27,5241.89,1048.38
OCT,17,Cordova,2,9,252442.29,232074.82,20367.47,74853,54485.78,20367.22,6110.22,5091.86,1018.36
OCT,17,Cornell,1,3,4426.88,4090.67,336.21,1453,1116.99,336.01,100.8,84,16.8
OCT,17,Coulterville,4,20,1016891.17,930175.18,86715.99,314500,227784.14,86715.86,26014.96,21679.14,4335.82
OCT,17,Country Club Hills,5,22,545625.39,502941.65,42683.74,193649,150965,42684,12805.31,10671.11,2134.2
OCT,17,Countryside,20,86,5928536.71,5470721.34,457815.37,1792200,1334376.59,457823.41,137347.58,114456.31,22891.27
OCT,17,Crainville,2,10,173109.31,156036.03,17073.28,50928,33854.83,17073.17,5122.14,4268.46,853.68
OCT,17,Crawford County,1,5,81740.57,76543.52,5197.05,21124,15926.93,5197.07,1559.19,1299.33,259.86
OCT,17,Creal Springs,1,3,47176.41,41823.8,5352.61,12197,6844.4,5352.6,1605.81,1338.18,267.63
OCT,17,Crescent City,2,8,131260.97,119729.46,11531.51,44649,33117.47,11531.53,3459.56,2882.96,576.6
OCT,17,Crest Hill,14,60,2962561.48,2714351.14,248210.34,886335,638124.74,248210.26,74463.64,62053.05,12410.59
OCT,17,Creston,1,3,95967.4,91640.88,4326.52,28285,23958.48,4326.52,1297.99,1081.66,216.33
OCT,17,Crestwood,29,143,9333738.44,8601146.38,732592.06,3022052,2289433.16,732618.84,219787.22,183156.09,36631.13
OCT,17,Crete,12,57,2451038.13,2243374.45,207663.68,798953,591290.19,207662.81,62299.15,51915.98,10383.17
OCT,17,Creve Coeur,9,40,1829963.97,1707628.39,122335.58,561552,439216.31,122335.69,36701.19,30584.33,6116.86
OCT,17,Crystal Lake,14,40,1882930.94,1703131.37,179799.57,644246,464446.06,179799.94,53940.47,44950.41,8990.06
OCT,17,Cuba,3,14,363651.54,332184.53,31467.01,101290,69822.85,31467.15,9440.3,7866.93,1573.37
OCT,17,Cullom,1,5,87419.2,80383.76,7035.44,26821,19785.56,7035.44,2110.72,1758.93,351.79
OCT,17,Cumberland County,2,8,213483.42,192827.08,20656.34,82685,62028.41,20656.59,6197.06,5164.21,1032.85
OCT,17,Curran,1,5,143404.92,127154.97,16249.95,43906,27656.32,16249.68,4874.99,4062.49,812.5
OCT,17,Cypress,1,4,76174.19,69123.84,7050.35,20100,13049.65,7050.35,2115.15,1762.63,352.52
OCT,17,Dallas City,1,5,138315.4,124969.72,13345.68,36471,23125.33,13345.67,4003.73,3336.45,667.28
OCT,17,Dalton City,2,8,263459.58,242598.32,20861.26,83301,62439.91,20861.09,6258.37,5215.32,1043.05
OCT,17,Dalzell,1,4,202191.6,185790.52,16401.08,59374,42972.92,16401.08,4920.42,4100.35,820.07
OCT,17,Damiansville,1,4,67792.54,63131.65,4660.89,23260,18599.08,4660.92,1398.33,1165.27,233.06
OCT,17,Danvers,1,3,101023.9,92177.43,8846.47,31594,22747.53,8846.47,2653.99,2211.66,442.33
OCT,17,Danville,27,122,5738054.24,5280283.07,457771.17,1758892,1301157.09,457734.91,137321.55,114434.65,22886.9
OCT,17,Darien,8,38,3279483.12,3035490.47,243992.65,976245,732252.73,243992.27,73198.07,60998.39,12199.68
OCT,17,Davis,2,8,227542.74,207335.25,20207.49,70617,50409.51,20207.49,6062.33,5051.95,1010.38
OCT,17,Davis Junction,3,15,519612.39,479209.53,40402.86,175930,135527.15,40402.85,12121.13,10100.95,2020.18
OCT,17,Dawson,2,7,146246.88,134973.18,11273.7,49980,38706.25,11273.75,3382.12,2818.43,563.69
OCT,17,De Witt,2,10,383743.78,359100.79,24642.99,122444,97800.89,24643.11,7393.01,6160.84,1232.17
OCT,17,Decatur,81,389,26662557.25,24463994.79,2198562.46,8628724,6429940.78,2198783.22,659638.95,549699.26,109939.69
OCT,17,Deer Creek,1,3,109602.36,99051.39,10550.97,22009,11458.03,10550.97,3165.32,2637.77,527.55
OCT,17,Deer Grove,1,2,10246.43,8629.45,1616.98,4152,2535.02,1616.98,485.09,404.24,80.85
OCT,17,DeKalb,19,82,4324131.89,3971408.51,352723.38,1349280,996557.04,352722.96,105817.67,88181.41,17636.26
OCT,17,Delavan,3,12,218205.09,199407.76,18797.33,67246,48448.8,18797.2,5639.2,4699.33,939.87
OCT,17,Depue,2,10,314138.48,289544.62,24593.86,93019,68425.09,24593.91,7378.34,6148.62,1229.72
OCT,17,Diamond,4,17,1233016.51,1131198.44,101818.07,379881,278062.88,101818.12,30545.53,25454.61,5090.92
OCT,17,Dieterich,2,7,227452.56,213787.79,13664.77,63302,49637.3,13664.7,4099.47,3416.23,683.24
OCT,17,Divernon,4,20,793326.26,722073.32,71252.94,229795,158838.42,70956.58,21287.12,17739.28,3547.84
OCT,17,Dixmoor,2,9,473378.27,440292.34,33085.93,153069,119982.87,33086.13,9925.88,8271.57,1654.31
OCT,17,Dixon,27,122,5735666.7,5276677.36,458989.34,1854426,1395451.31,458974.69,137693.52,114744.63,22948.89
OCT,17,Dolton,13,57,3163514.64,2899201.29,264313.35,1103650,839336.19,264313.81,79294.64,66078.9,13215.74
OCT,17,Dongola,1,4,152205.93,136524.78,15681.15,39441,23759.38,15681.62,4704.52,3920.44,784.08
OCT,17,Donnellson,1,4,119697.71,108544.59,11153.12,34087,22933.88,11153.12,3345.98,2788.32,557.66
OCT,17,Douglas County,4,16,400355.91,366529.76,33826.15,126091,92264.92,33826.08,10147.9,8456.6,1691.3
OCT,17,Dowell,1,5,251733.56,230866.09,20867.47,81923,61055.36,20867.64,6260.34,5216.95,1043.39
OCT,17,Downs,2,8,316297.51,290288.42,26009.09,84252,58242.79,26009.21,7802.87,6502.39,1300.48
OCT,17,Du Bois,2,8,229294.78,211252.23,18042.55,76691,58648.38,18042.62,5412.82,4510.68,902.14
OCT,17,Du Quoin,12,58,2312339.12,2127674.14,184664.98,668237,483570.76,184666.24,55400.49,46167.1,9233.39
OCT,17,Dunlap,2,9,315609.74,291569.12,24040.62,108620,84579.41,24040.59,7212.26,6010.22,1202.04
OCT,17,Dupo,5,22,839249.73,779409.64,59840.09,239199,179358.82,59840.18,17952.23,14960.19,2992.04
OCT,17,Durand,3,14,495550.53,462351.63,33198.9,166029,132830.07,33198.93,9959.68,8299.74,1659.94
OCT,17,Dwight,12,55,2010255.57,1853351.17,156904.4,627922,470981.36,156940.64,47082.65,39235.54,7847.11
OCT,17,Earlville,2,7,95163.01,87393.86,7769.15,27347,19577.9,7769.1,2330.75,1942.3,388.45
OCT,17,East Alton,14,66,2582285.71,2379112.35,203173.36,716759,513585.19,203173.81,60952.59,50793.85,10158.74
OCT,17,East Brooklyn,1,5,106499.27,97915.42,8583.85,36398,27814.31,8583.69,2575.18,2145.99,429.19
OCT,17,East Cape Girardeau,2,10,680980.12,627240.77,53739.35,170490,116740.7,53749.3,16124.91,13437.43,2687.48
OCT,17,East Dubuque,11,49,2277174.17,2099607.96,177566.21,577235,399668.6,177566.4,53270.49,44392.09,8878.4
OCT,17,East Dundee,13,61,3515720.68,3244405.92,271314.76,1118731,847416.34,271314.66,81394.71,67828.96,13565.75
OCT,17,East Galesburg,2,7,174568.34,160975.43,13592.91,50305,36712.04,13592.96,4077.91,3398.25,679.66
OCT,17,East Gillespie,2,10,239212.64,222108.94,17103.7,82609,65505.17,17103.83,5131.17,4275.98,855.19
OCT,17,East Hazel Crest,2,10,1015897.77,943386.82,72510.95,337672,265161.22,72510.78,21753.33,18127.77,3625.56
OCT,17,East Moline,19,86,3407554.9,3092634.33,314920.57,1014147,699226.25,314920.75,94477.13,78730.97,15746.16
OCT,17,East Peoria,23,104,3587090.2,3284556.85,302533.35,1154339,851808.46,302530.54,90760.24,75633.58,15126.66
OCT,17,Easton,1,3,75889.36,70244.98,5644.38,19846,14201.62,5644.38,1693.37,1411.14,282.23
OCT,17,Edgewood,3,12,350392.23,326976.98,23415.25,103903,80488.04,23414.96,7024.64,5853.88,1170.76
OCT,17,Edinburg,2,10,474155.6,438240.84,35914.76,149312,113397.48,35914.52,10774.39,8978.66,1795.73
OCT,17,Effingham,31,145,9590119.56,8822512.24,767607.32,2889584,2122062.19,767521.81,230258.09,191881.8,38376.29
OCT,17,Effingham County,9,36,1445994.91,1336322.08,109672.83,448173,338531.62,109641.38,32892.71,27410.61,5482.1
OCT,17,El Paso,7,30,1058587.23,979596.49,78990.74,324802,245811.75,78990.25,23697.35,19747.81,3949.54
OCT,17,Elburn,2,10,576188.12,536002.21,40185.91,185601,145414.85,40186.15,12055.89,10046.58,2009.31
OCT,17,Eldorado,6,29,1594703.32,1465614.77,129088.55,454064,324951.15,129112.85,38734.08,32278.41,6455.67
OCT,17,Eldred,3,10,242136.62,222166.13,19970.49,71085,51114.43,19970.57,5991.31,4992.77,998.54
OCT,17,Elgin,28,118,6250608.65,5735316.4,515292.25,1978361,1463068.3,515292.7,154589.06,128824.24,25764.82
OCT,17,Elizabeth,3,10,259558.51,246187.17,13371.34,61612,48240.59,13371.41,4011.6,3343.01,668.59
OCT,17,Elizabethtown,1,3,47695.4,42561.77,5133.63,12614,7480.37,5133.63,1540.13,1283.44,256.69
OCT,17,Elk Grove Village,20,93,7499251.83,6894638.02,604613.81,2239776,1635161.74,604614.26,181384.89,151154.13,30230.76
OCT,17,Elkhart,1,4,101216,92949.9,8266.1,34574,26307.9,8266.1,2479.87,2066.56,413.31
OCT,17,Elmwood,3,12,529530.4,484707.31,44823.09,155189,110365.91,44823.09,13447.08,11205.9,2241.18
OCT,17,Elmwood Park,19,89,7358814.96,6776593.32,582221.64,2193889,1611666.11,582222.89,174667.85,145556.57,29111.28
OCT,17,Emden,2,9,209555.28,195246.03,14309.25,75266,60956.75,14309.25,4292.85,3577.38,715.47
OCT,17,Erie,1,5,217127.66,200667.59,16460.07,78482,62021.93,16460.07,4938.05,4115.04,823.01
OCT,17,Essex,4,14,253521.45,234501.49,19019.96,80735,61715.14,19019.86,5706.14,4755.12,951.02
OCT,17,Eureka,1,5,135059.85,124951,10108.85,41727,31618.15,10108.85,3032.64,2527.2,505.44
OCT,17,Evansville,4,15,185542.9,170337.19,15205.71,61760,46555.02,15204.98,4561.6,3801.34,760.26
OCT,17,Evergreen Park,1,5,578960.49,541278.25,37682.24,166208,128525.76,37682.24,11304.71,9420.6,1884.11
OCT,17,Fairbury,4,16,468673.41,431854,36819.41,132332,95512.36,36819.64,11045.91,9204.92,1840.99
OCT,17,Fairfield,4,18,821766.99,766497.94,55269.05,220186,164916.64,55269.36,16580.9,13817.42,2763.48
OCT,17,Fairmont City,7,33,1316599.61,1216506.07,100093.54,425062,324550.28,100511.72,30153.73,25128.13,5025.6
OCT,17,Fairview Heights,11,50,2801932.92,2592343.02,209589.9,838450,628860.6,209589.4,62877.37,52397.81,10479.56
OCT,17,Farina,2,10,843726.71,783614.55,60112.16,225907,165911.11,59995.89,17998.86,14999.06,2999.8
OCT,17,Farmer City,4,20,1051525.73,979502.64,72023.09,341534,269531.98,72002.02,21600.88,18000.74,3600.14
OCT,17,Farmersville,3,12,718739.7,663343.76,55395.94,224405,169009.3,55395.7,16618.8,13849.01,2769.79
OCT,17,Farmington,4,17,487389.38,448270.07,39119.31,149306,110186.68,39119.32,11735.89,9779.93,1955.96
OCT,17,Fayette County,1,4,111060.55,102614.03,8446.52,31321,22874.58,8446.42,2533.96,2111.63,422.33
OCT,17,Fayetteville,1,3,67368.6,63954.38,3414.22,17652,14237.78,3414.22,1024.3,853.58,170.72
OCT,17,Fieldon,2,8,134609.02,121185.72,13423.3,46324,32900.92,13423.08,4027.08,3355.91,671.17
OCT,17,Findlay,1,4,60980.18,55741.06,5239.12,20406,15166.88,5239.12,1571.81,1309.84,261.97
OCT,17,Fisher,3,10,255634.65,231277.62,24357.03,87961,63604.07,24356.93,7307.19,6089.32,1217.87
OCT,17,Fithian,2,9,207761.54,193487.21,14274.33,64062,49787.65,14274.35,4282.38,3568.65,713.73
OCT,17,Flanagan,2,8,240130.4,218551.57,21578.83,66729,45150.38,21578.62,6473.64,5394.71,1078.93
OCT,17,Flora,7,34,1991805,1844298.85,147506.15,578318,430811.58,147506.42,44252.22,36876.86,7375.36
OCT,17,Florence,1,4,99236.6,90869.18,8367.42,33530,25162.58,8367.42,2510.31,2091.93,418.38
OCT,17,Flossmoor,1,5,110140.72,100617.78,9522.94,35791,26268.06,9522.94,2856.9,2380.75,476.15
OCT,17,Ford Heights,2,10,574071.89,529512.6,44559.29,207887,163327.71,44559.29,13367.9,11139.92,2227.98
OCT,17,Forest Park,16,69,1807455.49,1656201.33,151254.16,646791,495537.58,151253.42,45376.63,37813.88,7562.75
OCT,17,Forest View,3,14,2285134.44,2113683.19,171451.25,693763,522073.86,171689.14,51506.99,42922.49,8584.5
OCT,17,Forrest,1,3,90638.36,84460.13,6178.23,28259,22081.09,6177.91,1853.37,1544.47,308.9
OCT,17,Forreston,2,9,248422.52,231966.3,16456.22,68376,51919.86,16456.14,4937,4114.16,822.84
OCT,17,Fox Lake,26,122,6096505.94,5611749.83,484756.11,1873383,1388582.06,484800.94,145441.27,121201.12,24240.15
OCT,17,Fox River Grove,8,36,2141590.49,1969888.18,171702.31,606363,434675.61,171687.39,51506.61,42922.2,8584.41
OCT,17,Franklin County,3,13,395947.61,368245.95,27701.66,122605,94903.22,27701.78,8310.61,6925.51,1385.1
OCT,17,Franklin Park,11,49,2252906.88,2059030.09,193876.79,686574,492696.65,193877.35,58163.82,48469.84,9693.98
OCT,17,Freeburg,4,18,783952.66,714461.34,69491.32,229834,160342.86,69491.14,20847.54,17372.94,3474.6
OCT,17,Freeport,24,112,6830050.16,6251419.39,578630.77,2191740,1613102.48,578637.52,173592.31,144660.29,28932.02
OCT,17,Fulton,6,29,1338500.97,1228764.82,109736.15,364001,254264.72,109736.28,32921.25,27434.39,5486.86
OCT,17,Fulton County,4,13,332399.61,309182.42,23217.19,98262,75044.95,23217.05,6965.26,5804.39,1160.87
OCT,17,Galena,8,33,1543685.23,1419376.23,124309,480195,355902.07,124292.93,37288.05,31073.39,6214.66
OCT,17,Galesburg,29,128,6690609.13,6090558.07,600051.06,2053022,1452972.31,600049.69,180015.91,150013.33,30002.58
OCT,17,Galva,3,14,355317.74,324622.31,30695.43,119146,88450.77,30695.23,9208.75,7673.97,1534.78
OCT,17,Gardner,2,9,295462.58,264387.17,31075.41,87690,56614.51,31075.49,9322.77,7768.98,1553.79
OCT,17,Genoa,6,27,843183.27,778180.48,65002.79,255891,190888.23,65002.77,19501.14,16250.97,3250.17
OCT,17,Georgetown,5,23,961081.52,881791.41,79290.11,270189,190899,79290,23787.28,19822.74,3964.54
OCT,17,German Valley,1,5,107643.59,100234.99,7408.6,36453,29045.05,7407.95,2222.44,1852.04,370.4
OCT,17,Germantown,3,15,411998.27,386642.27,25356,118003,92646.69,25356.31,7607.03,6339.2,1267.83
OCT,17,Germantown Hills,2,9,341987.21,314882.52,27104.69,112242,85137.54,27104.46,8131.36,6776.14,1355.22
OCT,17,Gibson City,8,37,931265.54,850424.84,80840.7,294107,213287.11,80819.89,24246.45,20205.36,4041.09
OCT,17,Gifford,3,14,382989.65,352484.89,30504.76,115659,85154.95,30504.05,9151.36,7626.13,1525.23
OCT,17,Gilberts,5,23,1128637.82,1049310.93,79326.89,362798,283471.05,79326.95,23798.21,19831.85,3966.36
OCT,17,Gillespie,4,15,183884.17,170814.27,13069.9,58342,45272.12,13069.88,3921.14,3267.62,653.52
OCT,17,Gilman,8,34,1484387.51,1374226.89,110160.62,497383,387069.28,110313.72,33094.32,27578.6,5515.72
OCT,17,Girard,3,13,449363.04,400089.55,49273.49,151874,102600.88,49273.12,14782.11,12318.44,2463.67
OCT,17,Gladstone,1,3,26277.83,23086.66,3191.17,9264,6072.83,3191.17,957.38,797.81,159.57
OCT,17,Glasford,2,6,153094.4,139375.27,13719.13,46511,32792.04,13718.96,4115.76,3429.81,685.95
OCT,17,Glasgow,1,4,144493.6,131106.51,13387.09,48974,35586.91,13387.09,4016.14,3346.79,669.35
OCT,17,Glendale Heights,9,45,3521405.03,3242237.74,279167.29,1081060,801894.72,279165.28,83749.89,69791.59,13958.3
OCT,17,Glenwood,7,33,2025867.33,1843060.27,182807.06,683921,501111.83,182809.17,54843.28,45702.73,9140.55
OCT,17,Godfrey,10,45,1813480.8,1678930.22,134550.58,502220,367670.11,134549.89,40365.4,33637.86,6727.54
OCT,17,Godley,1,5,170073.39,155960.93,14112.46,57292,43179.49,14112.51,4233.78,3528.15,705.63
OCT,17,Golconda,1,5,140269.93,128598.51,11671.42,50374,38702.73,11671.27,3501.43,2917.86,583.57
OCT,17,Grafton,4,12,389939.57,368555.95,21383.62,115366,93982.48,21383.52,6415.12,5345.93,1069.19
OCT,17,Grandview,5,25,1195379.25,1105613.69,89765.56,388791,299025.34,89765.66,26929.93,22441.63,4488.3
OCT,17,Granite City,23,105,4966560.67,4589072.62,377488.05,1436039,1058459.25,377579.75,113275.23,94396.05,18879.18
OCT,17,Grant Park,3,12,223791.93,205792.72,17999.21,62477,44478.41,17998.59,5399.71,4499.75,899.96
OCT,17,Grantfork,1,2,17527.07,16054.48,1472.59,5932,4455.95,1476.05,442.81,369,73.81
OCT,17,Granville,3,10,270178.49,250095.94,20082.55,73984,53901.1,20082.9,6024.93,5020.77,1004.16
OCT,17,Grayville,7,32,1734001.09,1604921.01,129080.08,468966,339884.7,129081.3,38724.55,32270.48,6454.07
OCT,17,Green Oaks,1,3,140372.72,128135.69,12237.03,39562,27324.97,12237.03,3671.17,3059.31,611.86
OCT,17,Greene County,3,12,233124.43,213208.09,19916.34,67281,47365.39,19915.61,5974.71,4978.93,995.78
OCT,17,Greenup,7,31,1453284.68,1335109.92,118174.76,414274,296099.52,118174.48,35452.42,29543.7,5908.72
OCT,17,Greenview,2,8,212769.57,191343.42,21426.15,62783,41356.85,21426.15,6427.97,5356.65,1071.32
OCT,17,Greenville,5,19,1088799.43,997519.87,91279.56,286211,194945.95,91265.05,27379.62,22816.36,4563.26
OCT,17,Gridley,1,5,83529.48,79082.33,4447.15,24376,19928.85,4447.15,1334.18,1111.82,222.36
OCT,17,Griggsville,3,11,233534.87,217593.97,15940.9,71220,55279.66,15940.34,4782.17,3985.15,797.02
OCT,17,Grundy County,5,25,671500.74,616483.82,55016.92,216810,161793.39,55016.61,16505.06,13754.22,2750.84
OCT,17,Gulfport,2,8,38883.99,34608.44,4275.55,15882,11570.57,4311.43,1293.45,1077.88,215.57
OCT,17,Hamel,2,7,706327.25,641862.45,64464.8,205970,141491.35,64478.65,19343.58,16119.65,3223.93
OCT,17,Hamilton,3,13,602663.18,557304.42,45358.76,183838,138479.1,45358.9,13607.81,11339.85,2267.96
OCT,17,Hamilton County,2,9,538984.35,502350.79,36633.56,130877,94243.29,36633.71,10990.22,9158.52,1831.7
OCT,17,Hammond,1,4,129063.75,122150.11,6913.64,40398,33484.36,6913.64,2074.11,1728.43,345.68
OCT,17,Hampshire,8,38,2122023.31,1949332.69,172690.62,611064,438357.37,172706.63,51812.23,43176.88,8635.35
OCT,17,Hampton,2,10,357734.22,326680.89,31053.33,93834,62780.67,31053.33,9316.15,7763.46,1552.69
OCT,17,Hancock County,2,6,189561.85,172178.84,17383.01,48606,31222.89,17383.11,5214.96,4345.79,869.17
OCT,17,Hanna City,3,9,323714.55,296135.62,27578.93,97406,69827.31,27578.69,8273.71,6894.76,1378.95
OCT,17,Hanover,2,8,212793.51,195419.41,17374.1,57182,39807.89,17374.11,5212.29,4343.58,868.71
OCT,17,Hanover Park,7,35,3270983.79,2995888.83,275094.96,959610,684515.27,275094.73,82528.64,68773.87,13754.77
OCT,17,Hardin,2,6,168657.44,156370.92,12286.52,46255,33968.48,12286.52,3686.01,3071.68,614.33
OCT,17,Harmon,1,5,190516.58,176120.88,14395.7,54158,39762.3,14395.7,4318.71,3598.93,719.78
OCT,17,Harrisburg,19,91,2870606.49,2646542.85,224063.64,746858,522794.34,224063.66,67219.74,56016.46,11203.28
OCT,17,Harristown,2,10,775257.56,723394.01,51863.55,227042,175178.5,51863.5,15559.12,12965.93,2593.19
OCT,17,Hartford,2,9,245668.11,225919.43,19748.68,70460,50726.69,19733.31,5920.03,4933.36,986.67
OCT,17,Harvard,16,75,2318113.14,2127140.37,190972.77,754383,563408.75,190974.25,57292.81,47743.99,9548.82
OCT,17,Harvel,1,4,28066.59,24649.49,3417.1,9345,5928.23,3416.77,1025.07,854.23,170.84
OCT,17,Harvey,9,38,1316489.23,1210177.45,106311.78,420481,314170.48,106310.52,31893.45,26577.88,5315.57
OCT,17,Havana,7,28,1209351.96,1117377.71,91974.25,356747,264773.04,91973.96,27592.46,22993.73,4598.73
OCT,17,Hazel Crest,1,5,99555.74,93622.76,5932.98,30696,24763.02,5932.98,1779.96,1483.3,296.66
OCT,17,Hebron,4,20,785537.95,705696.07,79841.88,257036,177194.08,79841.92,23952.76,19960.65,3992.11
OCT,17,Hecker,1,5,86351.99,76748.51,9603.48,30389,20785.77,9603.23,2880.97,2400.81,480.16
OCT,17,Henderson County,1,3,63679.57,57809.59,5869.98,22559,16689.02,5869.98,1760.96,1467.47,293.49
OCT,17,Hennepin,2,8,173642.89,160866.57,12776.32,62247,49469.98,12777.02,3833.14,3194.29,638.85
OCT,17,Henry,6,28,746406.62,693621.35,52785.27,230236,177450.73,52785.27,15835.83,13196.52,2639.31
OCT,17,Henry County,1,5,111956.66,104652.04,7304.62,36051,28746.38,7304.62,2191.4,1826.16,365.24
OCT,17,Herrin,19,85,3363109.91,3090175.23,272934.68,1040209,767277.61,272931.39,81880.16,68233.49,13646.67
OCT,17,Herscher,3,13,276115.54,258751.05,17364.49,103353,85988.42,17364.58,5209.43,4341.2,868.23
OCT,17,Heyworth,3,12,529749.24,481909.24,47840,166696,118855.74,47840.26,14352.16,11960.15,2392.01
OCT,17,Hickory Hills,16,71,5117266.06,4674400.61,442865.45,1587319,1144453.35,442865.65,132860.22,110716.85,22143.37
OCT,17,Highland,16,71,2242473.09,2054822.66,187650.43,691048,503397.73,187650.27,56295.66,46913.13,9382.53
OCT,17,Hillcrest,1,5,573972.66,528401.66,45571,181994,136423,45571,13671.36,11392.8,2278.56
OCT,17,Hillsboro,7,28,672650.62,628091.42,44559.2,177267,132708.2,44558.8,13367.85,11139.89,2227.96
OCT,17,Hillsdale,1,5,432143.47,392656.79,39486.68,109723,70235.32,39487.68,11846.37,9871.98,1974.39
OCT,17,Hillside,3,13,917263.1,848831.23,68431.87,333765,265332.83,68432.17,20529.72,17108.11,3421.61
OCT,17,Hinckley,3,13,390979.46,356241.85,34737.61,126557,91819.44,34737.56,10421.46,8684.55,1736.91
OCT,17,Hindsboro,3,14,306968.45,283970.9,22997.55,93815,70817.66,22997.34,6899.31,5749.43,1149.88
OCT,17,Hodgkins,2,9,920521.65,844447.32,76074.33,285526,209451.57,76074.43,22822.4,19018.66,3803.74
OCT,17,Hoffman,1,3,76242.15,71823.76,4418.39,20845,16426.56,4418.44,1325.55,1104.63,220.92
OCT,17,Hoffman Estates,21,100,8052479.86,7405364.26,647115.6,2444760,1797644.47,647115.53,194135.64,161779.72,32355.92
OCT,17,Homer,1,4,69053.45,63690.06,5363.39,23035,17671.61,5363.39,1609.08,1340.9,268.18
OCT,17,Homer Glen,12,55,3719864.42,3438120.3,281744.12,1082880,801071.94,281808.06,84542.83,70452.37,14090.46
OCT,17,Hometown,5,25,3023792,2783869.85,239922.15,1053175,813252.94,239922.06,71976.85,59980.72,11996.13
OCT,17,Homewood,6,30,1555625.62,1443183.52,112442.1,444993,332559.35,112433.65,33730.43,28108.69,5621.74
OCT,17,Hoopeston,5,22,1021655.03,943926.19,77728.84,307835,230106.63,77728.37,23318.74,19432.29,3886.45
OCT,17,Hopkins Park,1,4,156726.6,141461.92,15264.68,64766,49501.12,15264.88,4579.52,3816.27,763.25
OCT,17,Hoyleton,1,5,183985.42,171601.37,12384.05,50814,38429.95,12384.05,3715.26,3096.05,619.21
OCT,17,Hudson,2,7,329770.02,307240.23,22529.79,92549,70019.21,22529.79,6758.99,5632.5,1126.49
OCT,17,Humboldt,1,5,97327.67,90178.54,7149.13,32545,25395.48,7149.52,2144.86,1787.39,357.47
OCT,17,Huntley,12,55,3069625.64,2805061.64,264564,916891,652328.04,264562.96,79369.61,66141.34,13228.27
OCT,17,Hurst,3,13,254807.19,237351.45,17455.74,65092,47636.24,17455.76,5236.82,4364.01,872.81
OCT,17,Illiopolis,2,10,328653.18,299067.79,29585.39,102482,72896.23,29585.77,8875.87,7396.55,1479.32
OCT,17,Ina,1,4,648097.32,592840.11,55257.21,164964,109748.43,55215.57,16564.77,13803.98,2760.79
OCT,17,Indian Head Park,3,15,1255498.36,1163663.12,91835.24,383380,291544.76,91835.24,27550.72,22958.94,4591.78
OCT,17,Ipava,3,7,127790.2,116373.94,11416.26,41045,29628.67,11416.33,3424.96,2854.13,570.83
OCT,17,Iroquois,2,4,90144.18,85424.18,4720,23448,18728,4720,1416.01,1180.01,236
OCT,17,Iroquois County,5,12,340977.29,315163.54,25813.75,102632,76818.3,25813.7,7744.29,6453.58,1290.71
OCT,17,Irving,1,3,58087.02,53879.81,4207.21,18983,14775.74,4207.26,1262.16,1051.8,210.36
OCT,17,Island Lake,5,25,1442485.27,1332400.58,110084.69,452710,342625.11,110084.89,33025.74,27521.46,5504.28
OCT,17,Itasca,3,13,743802.09,688638.59,55163.5,225828,170664.45,55163.55,16549.12,13790.94,2758.18
OCT,17,Ivesdale,2,8,185170.72,177636.92,7533.8,61398,53864.23,7533.77,2260.18,1883.49,376.69
OCT,17,Jackson County,7,24,474273.97,448781.33,25492.64,128198,102705.3,25492.7,7647.91,6373.28,1274.63
OCT,17,Jacksonville,28,125,5748885.6,5292499.22,456386.38,1776943,1320613.21,456329.79,136900.02,114083.38,22816.64
OCT,17,Jasper County,2,10,290501.07,265098.14,25402.93,103956,78553.17,25402.83,7620.95,6350.79,1270.16
OCT,17,Jefferson County,5,20,0,0,0,0,0,0,0,0,0
OCT,17,Jerome,6,30,2119546.3,1958891.86,160654.44,678441,517786.85,160654.15,48196.56,40163.81,8032.75
OCT,17,Jersey County,6,21,430383.3,391032.54,39350.76,124965,85614.42,39350.58,11805.28,9837.74,1967.54
OCT,17,Jerseyville,10,43,1650570.97,1516921.36,133649.61,450108,316458.61,133649.39,40095.31,33412.79,6682.52
OCT,17,Jo Daviess County,1,3,13647.92,13311.78,336.14,5918,5566.86,351.14,105.33,87.77,17.56
OCT,17,Johnsburg,12,57,2394692.82,2189778.25,204914.57,781620,576622.06,204997.94,61499.96,51249.98,10249.98
OCT,17,Johnson County,1,5,156315.39,142721.9,13593.49,42496,28902.53,13593.47,4078.09,3398.41,679.68
OCT,17,Johnston City,7,34,1237634.8,1138171.57,99463.23,380860,281396.24,99463.76,29839.47,24866.24,4973.23
OCT,17,Joliet,74,315,15998339.98,14738969.51,1259370.47,4964267,3704816.82,1259450.18,377837.78,314864.85,62972.93
OCT,17,Jonesboro,1,5,107510.52,97269.88,10240.64,29977,19737.21,10239.79,3072.02,2560.02,512
OCT,17,Joy,2,6,107152.62,95179.59,11973.03,33133,21160.02,11972.98,3591.97,2993.31,598.66
OCT,17,Junction City,1,4,93040.22,87589.33,5450.89,27963,22512.11,5450.89,1635.29,1362.74,272.55
OCT,17,Justice,12,58,3345766.46,3072805.84,272960.62,1039980,767019.63,272960.37,81888.71,68240.59,13648.12
OCT,17,Kampsville,2,6,135188.72,125337.94,9850.78,42517,32666.17,9850.83,2955.35,2462.79,492.56
OCT,17,Kane,1,4,51864.5,46613.33,5251.17,14445,9195.39,5249.61,1574.92,1312.43,262.49
OCT,17,Kane County,13,65,4263503.36,3923078.69,340424.67,1281722,941297.19,340424.81,102128.04,85106.72,17021.32
OCT,17,Kangley,1,3,74877.94,67823.24,7054.7,22474,15419.3,7054.7,2116.42,1763.68,352.74
OCT,17,Kankakee,40,187,7769316.24,7122854.44,646461.8,2700822,2054370.37,646451.63,193937.17,161614.32,32322.85
OCT,17,Kankakee County,8,35,1346697.09,1238310.81,108386.28,410497,302110.81,108386.19,32516.12,27096.77,5419.35
OCT,17,Kappa,1,5,146160.75,133546.62,12614.13,49774,37159.87,12614.13,3784.27,3153.56,630.71
OCT,17,Keithsburg,2,7,181472.64,167200.99,14271.65,51415,37143.44,14271.56,4281.58,3567.99,713.59
OCT,17,Kempton,1,3,53843.02,52999.88,843.14,15798,14954.86,843.14,252.98,210.81,42.17
OCT,17,Kendall County,6,27,1095857.55,1005935.6,89921.95,325348,235426.03,89921.97,26976.77,22480.65,4496.12
OCT,17,Kenney,1,5,142891.16,133881.68,9009.48,40001,30991.6,9009.4,2702.86,2252.38,450.48
OCT,17,Kewanee,21,86,2960159.11,2722792.85,237366.26,939875,702508.69,237366.31,71210.75,59342.36,11868.39
OCT,17,Keyesport,2,10,385203.19,352470.57,32732.62,126833,94100.54,32732.46,9819.8,8183.16,1636.64
OCT,17,Kilbourne,1,5,76175.51,69899.4,6276.11,26245,19968.89,6276.11,1882.85,1569.05,313.8
OCT,17,Kingston,2,10,364939.48,343142.05,21797.43,108262,86464.68,21797.32,6539.28,5449.4,1089.88
OCT,17,Kingston Mines,1,3,33164.56,29658.61,3505.95,9237,5731.05,3505.95,1051.8,876.5,175.3
OCT,17,Kirkland,3,11,197593.73,178892.79,18700.94,54871,36170.45,18700.55,5610.3,4675.26,935.04
OCT,17,Knox County,5,20,794623.59,723288.25,71335.34,250150,178814.48,71335.52,21400.92,17834.11,3566.81
OCT,17,Knoxville,3,14,558221.86,512535.22,45686.64,178666,132979.21,45686.79,13706.14,11421.78,2284.36
OCT,17,La Harpe,1,3,11851.9,10759.75,1092.15,2966,1873.85,1092.15,327.66,273.05,54.61
OCT,17,La Salle,26,109,3678639.8,3389022.62,289617.18,1151262,861645.26,289616.74,86886.16,72405.18,14480.98
OCT,17,La Salle County,30,121,4464697.23,4125785.17,338912.06,1395826,1056914.73,338911.27,101674.37,84728.66,16945.71
OCT,17,Lacon,6,22,516078.17,469022.51,47055.66,168642,121586.12,47055.88,14117.03,11764.18,2352.85
OCT,17,Ladd,4,16,412557.97,378020.57,34537.4,126382,91844.55,34537.45,10361.3,8634.42,1726.88
OCT,17,Lake County,60,277,14644003.19,13478124.4,1165878.79,4580336,3414500.24,1165835.76,349753.79,291461.58,58292.21
OCT,17,Lake In the Hills,11,49,3760723.8,3475947.41,284776.39,1146673,862015.66,284657.34,85397.64,71164.71,14232.93
OCT,17,Lake Villa,10,45,2595514.59,2383500.71,212013.88,831424,619409.75,212014.25,63604.61,53003.88,10600.73
OCT,17,Lake Zurich,12,57,4208218.54,3871535.42,336683.12,1241005,904321.49,336683.51,101005.37,84171.16,16834.21
OCT,17,Lakemoor,5,25,1300893.43,1193438.92,107454.51,390147,282692.31,107454.69,32236.59,26863.84,5372.75
OCT,17,Lamoille,1,4,128552.42,118583.92,9968.5,38140,28171.5,9968.5,2990.54,2492.12,498.42
OCT,17,Lanark,2,5,137420.69,128851.16,8569.53,37459,28889.11,8569.89,2571,2142.5,428.5
OCT,17,Lansing,12,54,3212100.03,2972322.77,239777.26,990889,751111.25,239777.75,71933.78,59944.81,11988.97
OCT,17,Lawrence County,6,27,1928269.11,1784872.2,143396.91,558944,415499.8,143444.2,43033.37,35861.15,7172.22
OCT,17,Lawrenceville,8,37,1203071.47,1102360.5,100710.97,343611,242899.3,100711.7,30213.72,25178.11,5035.61
OCT,17,Leaf River,1,4,115876.17,106642.54,9233.63,29951,20717.24,9233.76,2770.23,2308.53,461.7
OCT,17,Lebanon,5,22,734151.15,678659.51,55491.64,220730,165238.24,55491.76,16647.69,13873.08,2774.61
OCT,17,Lee,1,5,77628.08,71667.51,5960.57,28900,22939.13,5960.87,1788.3,1490.25,298.05
OCT,17,Lee County,8,33,897667.43,835597.57,62069.86,272973,210902.51,62070.49,18621.45,15517.87,3103.58
OCT,17,Leland,1,5,157997.16,145214.72,12782.44,49877,37094.03,12782.97,3834.97,3195.81,639.16
OCT,17,Lemont,15,69,3678821.44,3395883.43,282938.01,1141542,858603.88,282938.12,84881.98,70735,14146.98
OCT,17,Lena,3,15,451374.71,414498.79,36875.92,126706,89830.02,36875.98,11062.89,9219.08,1843.81
OCT,17,Lenzburg,2,8,305892.14,286510.81,19381.33,86408,67026.38,19381.62,5814.51,4845.43,969.08
OCT,17,Leonore,1,3,55306.53,53140.99,2165.54,19626,17460.51,2165.49,649.67,541.39,108.28
OCT,17,Leroy,5,23,1338461.7,1243573.83,94887.87,378512,283522.01,94989.99,28497.15,23747.63,4749.52
OCT,17,Lewistown,4,13,392225.17,356820,35405.17,106579,71173.76,35405.24,10621.77,8851.49,1770.28
OCT,17,Lexington,3,14,257250.27,233688.71,23561.56,75683,52121.37,23561.63,7068.65,5890.54,1178.11
OCT,17,Limestone,1,5,130313.58,117340.48,12973.1,39180,26206.62,12973.38,3892.1,3243.42,648.68
OCT,17,Lincoln,18,88,5022228.63,4614992,407236.63,1576854,1169635.26,407218.74,122166.31,101805.28,20361.03
OCT,17,Lindenhurst,1,5,641383.98,589853.98,51530,194420,142890,51530,15459,12882.51,2576.49
OCT,17,Litchfield,14,65,3687684.51,3404737.78,282946.73,1109728,826796.73,282931.27,84880.12,70733.44,14146.68
OCT,17,Little York,1,3,61754.12,56495.88,5258.24,15700,10441.76,5258.24,1577.49,1314.58,262.91
OCT,17,Livingston County,3,9,142123.21,129195.43,12927.78,50203,37275.5,12927.5,3878.24,3231.86,646.38
OCT,17,Loami,1,4,37378.1,32743.57,4634.53,14226,9591.47,4634.53,1390.4,1158.67,231.73
OCT,17,Lockport,16,76,4454143.56,4101393.75,352749.81,1323423,970592.34,352830.66,105850.03,88208.39,17641.64
OCT,17,Loda,2,9,357313.78,325986.31,31327.47,113935,82607.63,31327.37,9398.28,7831.9,1566.38
OCT,17,Logan County,5,20,536156.58,496051.33,40105.25,153298,113193.24,40104.76,12031.62,10026.36,2005.26
OCT,17,Lomax,2,6,242172.21,222666.5,19505.71,67527,48021.29,19505.71,5851.78,4876.49,975.29
OCT,17,London Mills,1,5,201933.52,183364.05,18569.47,58504,39934.53,18569.47,5570.86,4642.39,928.47
OCT,17,Long Creek,3,15,944906.33,876493.72,68412.61,304479,236066,68413,20524.07,17103.4,3420.67
OCT,17,Long Grove,5,20,595139.67,548457.33,46682.34,185945,139262.04,46682.96,14005.09,11670.91,2334.18
OCT,17,Long Point,1,5,100681.92,91899.06,8782.86,29823,21040.34,8782.66,2634.86,2195.72,439.14
OCT,17,Loraine,1,4,137830.7,129132.71,8697.99,35733,27035.06,8697.94,2609.45,2174.55,434.9
OCT,17,Loves Park,49,236,18032174.5,16650979.63,1381194.87,5520240,4139027.24,1381212.76,414366.32,345305.31,69061.01
OCT,17,Lovington,2,10,300414.73,284614.32,15800.41,97700,81899.7,15800.3,4740.24,3950.19,790.05
OCT,17,Ludlow,1,3,125259.77,119275.75,5984.02,26643,20659.03,5983.97,1795.23,1496.03,299.2
OCT,17,Lyndon,3,14,355835.89,322532.95,33302.94,119457,86153.66,33303.34,9991.09,8325.91,1665.18
OCT,17,Lynwood,10,50,3483997.37,3222209.05,261788.32,1013686,751897.5,261788.5,78536.82,65447.38,13089.44
OCT,17,Lyons,18,89,5755782.03,5310748.16,445033.87,1824134,1379100.97,445033.03,133510.76,111259,22251.76
OCT,17,Machesney Park,14,66,4145687.19,3816193.52,329493.67,1244042,914548.29,329493.71,98848.72,82373.97,16474.75
OCT,17,Mackinaw,1,4,142411.2,131855.48,10555.72,51053,40497.28,10555.72,3166.74,2638.95,527.79
OCT,17,Macomb,10,36,1083271.5,995354.16,87917.34,286919,199001.21,87917.79,26375.66,21979.72,4395.94
OCT,17,Macon,3,15,788896.72,723796.27,65100.45,240481,175844.38,64636.62,19391.27,16159.4,3231.87
OCT,17,Macon County,4,20,984015.17,911128.5,72886.67,325750,252859.84,72890.16,21867.22,18222.69,3644.53
OCT,17,Macoupin County,6,20,306309.34,280921.85,25387.49,93011,67623.72,25387.28,7616.29,6346.91,1269.38
OCT,17,Madison,10,45,2614488.14,2400930.89,213557.25,804024,590489.78,213534.22,64060.63,53383.87,10676.76
OCT,17,Madison County,22,93,3166532.78,2903453.42,263079.36,848192,585085.59,263106.41,78932.55,65777.17,13155.38
OCT,17,Magnolia,1,5,81668.72,71437.04,10231.68,23569,13337.32,10231.68,3069.52,2557.94,511.58
OCT,17,Mahomet,4,18,833618.71,764834.21,68784.5,257215,188430.48,68784.52,20635.46,17196.22,3439.24
OCT,17,Malta,1,5,426335.85,407189.83,19146.02,129733,110586.98,19146.02,5743.79,4786.49,957.3
OCT,17,Manhattan,4,20,1118752.39,1028378.48,90373.91,362598,272223.92,90374.08,27112.38,22593.65,4518.73
OCT,17,Manito,2,10,328623.29,307548.45,21074.84,96734,75658.97,21075.03,6322.64,5268.86,1053.78
OCT,17,Manlius,2,7,126450.05,115557.62,10892.43,52325,41432.58,10892.42,3267.86,2723.21,544.65
OCT,17,Mansfield,1,5,268260.04,246172.35,22087.69,80756,58668.31,22087.69,6626.36,5521.97,1104.39
OCT,17,Manteno,13,62,2953428.24,2704831.86,248596.38,932309,683712.34,248596.66,74579.53,62149.62,12429.91
OCT,17,Maple Park,4,15,358280.48,325648.19,32632.29,125858,93225.9,32632.1,9789.85,8158.23,1631.62
OCT,17,Mapleton,1,3,96260.15,87967.93,8292.22,32794,24501.68,8292.32,2487.68,2073.06,414.62
OCT,17,Marengo,11,54,2002911.12,1828875.54,174035.58,691362,517368.01,173993.99,52198.67,43498.91,8699.76
OCT,17,Marietta,2,8,320131.75,297852.66,22279.09,93367,71087.91,22279.09,6683.76,5569.8,1113.96
OCT,17,Marine,2,9,494525.76,460459.17,34066.59,160264,126197.24,34066.76,10220.17,8516.8,1703.37
OCT,17,Marion,19,83,4964433.69,4588065.04,376368.65,1510321,1133981.24,376339.76,112902.35,94085.32,18817.03
OCT,17,Marion County,4,15,449378.21,414379.14,34999.07,126256,91257.73,34998.27,10499.65,8749.7,1749.95
OCT,17,Marissa,3,12,230823.85,213182.41,17641.44,76374,58734.11,17639.89,5291.97,4409.99,881.98
OCT,17,Mark,1,4,196935.36,182299.87,14635.49,61749,47114.01,14634.99,4390.54,3658.78,731.76
OCT,17,Markham,10,50,2854329.32,2627954.17,226375.15,926128,699753.47,226374.53,67912.77,56593.97,11318.8
OCT,17,Maroa,1,5,267222.47,244679.65,22542.82,79207,56664.18,22542.82,6762.91,5635.76,1127.15
OCT,17,Marseilles,12,49,1895922.89,1753085.64,142837.25,590497,447659.86,142837.14,42851.53,35709.62,7141.91
OCT,17,Marshall,4,19,2352683.58,2160497.44,192186.14,621853,429703.19,192149.81,57645.11,48037.58,9607.53
OCT,17,Martinsville,1,5,371527.01,342749,28778.01,101914,73135.84,28778.16,8633.44,7194.53,1438.91
OCT,17,Martinton,1,2,44924.89,39235.1,5689.79,11960,6270.21,5689.79,1706.98,1422.49,284.49
OCT,17,Mascoutah,12,46,2287494.51,2099009.73,188484.78,688044,499576.06,188467.94,56540.7,47117.26,9423.44
OCT,17,Mason City,5,21,473500.17,430506.02,42994.15,158572,115577.28,42994.72,12898.66,10748.89,2149.77
OCT,17,Mason County,6,21,367522.03,339793.53,27728.5,115365,87716.11,27648.89,8294.95,6912.46,1382.49
OCT,17,Matherville,1,3,63447.22,59151.1,4296.12,18587,14290.88,4296.12,1288.86,1074.05,214.81
OCT,17,Matteson,11,49,3152172.71,2892062.56,260110.15,1115336,855225.06,260110.94,78033.84,65028.25,13005.59
OCT,17,Mattoon,29,140,7184797.53,6605609.51,579188.02,2210620,1631368.15,579251.85,173776.74,144814.02,28962.72
OCT,17,Maywood,1,5,389923.49,354022.75,35900.74,131238,95337.26,35900.74,10770.25,8975.21,1795.04
OCT,17,Mazon,1,5,153495.12,142894.43,10600.69,55885,45284.31,10600.69,3180.31,2650.26,530.05
OCT,17,McClure,1,3,119042.29,114042.31,4999.98,39128,34128.02,4999.98,1500.04,1250.04,250
OCT,17,McCook,6,28,1794225.3,1655633.43,138591.87,541723,403131.03,138591.97,41577.85,34648.2,6929.65
OCT,17,McCullom Lake,2,10,484043.36,444272.39,39770.97,177062,137290.99,39771.01,11931.46,9942.89,1988.57
OCT,17,McDonough County,1,3,35956.35,33076.14,2880.21,12086,9205.79,2880.21,864.07,720.06,144.01
OCT,17,McHenry,34,156,8344228.66,7670105.81,674122.85,2715484,2041350.3,674133.7,202241.53,168534.65,33706.88
OCT,17,McHenry County,28,127,4641029.96,4296969.5,344060.46,1475545,1131484.95,344060.05,103218.98,86015.88,17203.1
OCT,17,McLean,1,5,611577.68,566531.78,45045.9,188087,143041.55,45045.45,13513.67,11261.39,2252.28
OCT,17,McLean County,6,25,1030887.43,948440.19,82447.24,318853,236456.5,82396.5,24719.19,20599.32,4119.87
OCT,17,Mcleansboro,3,15,466652.62,426235.45,40417.17,131886,91468.81,40417.19,12125.29,10104.42,2020.87
OCT,17,McNabb,1,4,109248.23,98176.72,11071.51,37852,26780.49,11071.51,3321.46,2767.89,553.57
OCT,17,Mechanicsburg,4,15,223708.09,203747.02,19961.07,72538,52576.97,19961.03,5988.35,4990.29,998.06
OCT,17,Melrose Park,26,116,6553739.11,6013674.93,540064.18,2014623,1474557.65,540065.35,162020.8,135017.38,27003.42
OCT,17,Menard County,1,3,44581.49,42360.49,2221,15819,13598.05,2220.95,666.36,555.3,111.06
OCT,17,Mendon,2,9,317785.86,293135.08,24650.78,82646,57935.7,24710.3,7413.16,6177.64,1235.52
OCT,17,Mendota,16,68,2374231.59,2192527.46,181704.13,695207,513469.18,181737.82,54522.01,45435.05,9086.96
OCT,17,Menominee,2,7,77604.31,68381.55,9222.76,28854,19631.34,9222.66,2766.82,2305.69,461.13
OCT,17,Meredosia,2,10,359950.39,331267.56,28682.83,110169,81486.27,28682.73,8604.94,7170.78,1434.16
OCT,17,Merrionette Park,4,17,1932407.26,1772625.26,159782,648854,489073.6,159780.4,47934.21,39945.18,7989.03
OCT,17,Metamora,1,5,223361.03,201849.24,21511.79,66145,44633.21,21511.79,6453.55,5377.96,1075.59
OCT,17,Metcalf,1,5,76640.94,67397.94,9243,26484,17242.4,9241.6,2772.62,2310.52,462.1
OCT,17,Metropolis,8,37,2536721.08,2363588.06,173133.02,652809,479602.56,173206.44,51962.27,43301.89,8660.38
OCT,17,Middletown,1,4,74929.06,65703.42,9225.64,22705,13479.1,9225.9,2767.81,2306.51,461.3
OCT,17,Midlothian,26,125,4613980.06,4227681.11,386298.95,1550385,1164084.36,386300.64,115891.06,96575.91,19315.15
OCT,17,Milan,9,34,1456066.62,1345309.63,110756.99,408995,298337.05,110657.95,33197.77,27664.82,5532.95
OCT,17,Milford,2,9,247746.03,229197.22,18548.81,73633,55084.19,18548.81,5564.69,4637.24,927.45
OCT,17,Milledgeville,2,9,233483.57,214026.65,19456.92,75692,56235.57,19456.43,5837.01,4864.18,972.83
OCT,17,Millington,2,6,99753.35,91817.6,7935.75,42967,35031.25,7935.75,2380.65,1983.88,396.77
OCT,17,Millstadt,8,29,1014424.87,947092.47,67332.4,295860,228526.52,67333.48,20200.29,16833.58,3366.71
OCT,17,Mineral,1,5,210731.14,194537.93,16193.21,76621,60427.79,16193.21,4858.01,4048.34,809.67
OCT,17,Minier,2,8,177424.01,159456.23,17967.78,62554,44586.22,17967.78,5390.35,4491.95,898.4
OCT,17,Minonk,4,15,658888.62,610067.67,48820.95,183678,134857.05,48820.95,14646.41,12205.34,2441.07
OCT,17,Minooka,9,39,1777750.45,1632987.86,144762.59,551757,406994.36,144762.64,43429.1,36190.92,7238.18
OCT,17,Mokena,15,70,6333144.22,5845904.5,487239.72,1884709,1397716.6,486992.4,146098.41,121748.7,24349.71
OCT,17,Moline,32,121,4615027.01,4226270,388757.01,1361737,972981.35,388755.65,116627.69,97189.76,19437.93
OCT,17,Momence,7,30,892644.67,814685,77959.67,298516,220556.49,77959.51,23388.02,19490.03,3897.99
OCT,17,Monee,9,44,3300619.22,3041128.69,259490.53,1006321,746750.86,259570.14,77871.66,64893.09,12978.57
OCT,17,Monmouth,12,47,1312061.52,1188731.59,123329.93,410467,287137.08,123329.92,36999.45,30832.9,6166.55
OCT,17,Monroe Center,3,15,659150.89,605736.39,53414.5,223775,170187.73,53587.27,16076.31,13396.93,2679.38
OCT,17,Monroe County,3,12,500452.92,460068.6,40384.32,138581,98196.23,40384.77,12115.48,10096.23,2019.25
OCT,17,Montgomery,10,46,2300772.13,2111687.56,189084.57,682986,493866.03,189119.97,56736.32,47280.29,9456.03
OCT,17,Montgomery County,2,6,44081.24,40887.97,3193.27,11624,8430.83,3193.17,957.97,798.3,159.67
OCT,17,Monticello,8,36,1678493.6,1535910.11,142583.49,518973,376389.45,142583.55,42775.42,35646.17,7129.25
OCT,17,Montrose,1,5,223510.72,212966.04,10544.68,74842,64297.17,10544.83,3163.51,2636.26,527.25
OCT,17,Morgan County,3,14,581672.59,531248.14,50424.45,190567,140142.55,50424.45,15127.53,12606.29,2521.24
OCT,17,Morris,24,100,5373620.84,4942574.19,431046.65,1649128,1218075.64,431052.36,129316.73,107763.98,21552.75
OCT,17,Morrison,5,25,650110.9,600033.24,50077.66,219983,169905.55,50077.45,15023.58,12519.65,2503.93
OCT,17,Morrisonville,2,9,185911.32,168865.03,17046.29,50674,33627.49,17046.51,5113.99,4261.66,852.33
OCT,17,Morton Grove,8,40,6495323.86,6028017.78,467306.08,1757357,1290050.92,467306.08,140192.09,116826.75,23365.34
OCT,17,Moultrie County,6,24,1034796.68,966011.7,68784.98,302149,233353.87,68795.13,20638.77,17198.97,3439.8
OCT,17,Mound City,1,4,65197.31,59177.39,6019.92,19462,13442.12,6019.88,1805.98,1504.99,300.99
OCT,17,Mounds,1,3,62167.43,61164.21,1003.22,14999,13995.78,1003.22,300.99,250.83,50.16
OCT,17,Mount Auburn,1,4,158588.79,144876.18,13712.61,42869,29156.49,13712.51,4113.77,3428.15,685.62
OCT,17,Mount Carmel,7,33,1673424.04,1547682.64,125741.4,457957,332216.94,125740.06,37722.2,31435.16,6287.04
OCT,17,Mount Carroll,3,12,262446.61,243874.11,18572.5,79102,60529.75,18572.25,5571.69,4643.07,928.62
OCT,17,Mount Clare,2,10,419268.09,388772.23,30495.86,123149,92653.01,30495.99,9148.98,7624.15,1524.83
OCT,17,Mount Morris,7,28,721853.39,663599.36,58254.03,239431,181176.67,58254.33,17476.53,14563.79,2912.74
OCT,17,Mount Olive,7,31,1072582.67,997511.75,75070.92,297070,221998.76,75071.24,22521.7,18768.11,3753.59
OCT,17,Mount Pulaski,1,5,243127.25,221410.31,21716.94,75707,53990.14,21716.86,6515.09,5429.24,1085.85
OCT,17,Mount Sterling,2,6,107202.74,96705.8,10496.94,26113,15615.97,10497.03,3149.13,2624.29,524.84
OCT,17,Mount Vernon,17,80,8177399.46,7547191.02,630208.44,2295887,1666226.84,629660.16,188898.76,157415.66,31483.1
OCT,17,Mount Zion,3,15,513242.95,472726.42,40516.53,175176,134659.54,40516.46,12155.03,10129.2,2025.83
OCT,17,Moweaqua,2,6,167710.05,156265.77,11444.28,51213,39768.62,11444.38,3433.33,2861.11,572.22
OCT,17,Muddy,1,5,116549.35,107461.79,9087.56,39123,30035.49,9087.51,2726.27,2271.89,454.38
OCT,17,Mulberry Grove,1,3,73616.06,67539.29,6076.77,22172,16095.2,6076.8,1823.06,1519.22,303.84
OCT,17,Mundelein,12,58,2793433.43,2576526.8,216906.63,871362,654455.52,216906.48,65072.3,54226.97,10845.33
OCT,17,Murphysboro,8,39,1569585.91,1452788.78,116797.13,449628,332831.21,116796.79,35039.44,29199.55,5839.89
OCT,17,Naplate,4,17,570970.07,530260.58,40709.49,193519,152809.7,40709.3,12212.92,10177.45,2035.47
OCT,17,Naples,1,3,29102.15,26404.13,2698.02,10457,7758.98,2698.02,809.42,674.52,134.9
OCT,17,Nashville,9,40,2182445.63,2010678.41,171767.22,669263,497500.21,171762.79,51529.19,42940.99,8588.2
OCT,17,Nelson,1,4,171360.36,159452.51,11907.85,46630,34722.17,11907.83,3572.4,2977,595.4
OCT,17,Neoga,3,13,431916.55,398160.17,33756.38,136650,102894.22,33755.78,10126.89,8439.08,1687.81
OCT,17,Neponset,2,9,243304.04,222818.28,20485.76,85627,65141.3,20485.7,6145.77,5121.48,1024.29
OCT,17,New Athens,2,8,171312.69,150094.51,21218.18,54435,33216.82,21218.18,6365.54,5304.63,1060.91
OCT,17,New Baden,3,12,888231.8,827060.59,61171.21,242380,181209.1,61170.9,18351.38,15292.82,3058.56
OCT,17,New Berlin,4,20,663296.78,604813.52,58483.26,195866,137382.75,58483.25,17545.17,14620.99,2924.18
OCT,17,New Boston,2,8,314345.87,287620.55,26725.32,80579,53853.68,26725.32,8017.61,6681.35,1336.26
OCT,17,New Canton,3,11,232865.75,212263.4,20602.35,76754,56151.65,20602.35,6180.77,5150.65,1030.12
OCT,17,New Douglas,1,4,158417.09,142436.39,15980.7,38739,22758.3,15980.7,4794.26,3995.22,799.04
OCT,17,New Haven,1,5,196159.66,180072.87,16086.79,63396,47309.54,16086.46,4825.95,4021.62,804.33
OCT,17,New Holland,2,7,83512.94,72811.05,10701.89,25667,14965.51,10701.49,3210.48,2675.4,535.08
OCT,17,New Lenox,13,59,3904381.58,3582019.4,322362.18,1260712,938382.07,322329.93,96699.54,80582.98,16116.56
OCT,17,New Milford,3,15,858387.21,791152.86,67234.35,250402,183167.75,67234.25,20170.46,16808.72,3361.74
OCT,17,New Minden,2,8,112798.49,99946.45,12852.04,41908,29056,12852,3855.65,3213.04,642.61
OCT,17,Newman,2,9,122450.59,109183.51,13267.08,41522,28254.94,13267.06,3980.21,3316.84,663.37
OCT,17,Newton,7,29,529399.57,492609.63,36789.94,160815,124025.08,36789.92,11037.13,9197.6,1839.53
OCT,17,Niantic,1,3,58996.85,54174.64,4822.21,14878,10055.72,4822.28,1446.68,1205.57,241.11
OCT,17,Niles,13,62,3721984.45,3418182.44,303802.01,1149790,845828.32,303961.68,91189.19,75991.02,15198.17
OCT,17,Nokomis,4,15,346738.48,313995.12,32743.36,108125,75381.62,32743.38,9823.17,8185.98,1637.19
OCT,17,Nora,1,4,136637.29,130032.88,6604.41,38852,32247.51,6604.49,1981.35,1651.13,330.22
OCT,17,Normal,13,58,4351977.05,3994256.44,357720.61,1460502,1102835.86,357666.14,107300.49,89417.08,17883.41
OCT,17,Norridge,8,38,3725219.78,3443153.43,282066.35,1126234,844167.99,282066.01,84620.4,70517.02,14103.38
OCT,17,Norris,1,2,41203.46,37288.59,3914.87,14102,10187.13,3914.87,1174.48,978.73,195.75
OCT,17,Norris City,1,3,56894.1,50721.6,6172.5,16086,9913.5,6172.5,1851.76,1543.14,308.62
OCT,17,North Aurora,8,35,1810858.78,1677309.62,133549.16,540020,406463.73,133556.27,40067.26,33389.37,6677.89
OCT,17,North Chicago,12,56,4247389.84,3912610.13,334779.71,1383620,1048840.9,334779.1,100434.12,83695.1,16739.02
OCT,17,North City,1,5,232103.3,211451.26,20652.04,68848,48195.96,20652.04,6195.69,5163.08,1032.61
OCT,17,North Pekin,5,24,1088708.37,994768.86,93939.51,335314,241374.64,93939.36,28182.09,23485.09,4697
OCT,17,North Riverside,12,58,4022856.44,3671413.04,351443.4,1287794,936350.73,351443.27,105433.57,87861.34,17572.23
OCT,17,North Utica,5,22,1321533.9,1228274.41,93259.49,384852,291576.61,93275.39,27982.76,23318.96,4663.8
OCT,17,Northlake,10,45,2611381.94,2422678.43,188703.51,860898,672219.95,188678.05,56603.65,47169.72,9433.93
OCT,17,Norwood,1,4,161004.76,146962.02,14042.74,53745,39702.19,14042.81,4212.9,3510.75,702.15
OCT,17,O'Fallon,14,65,2844800.29,2605459.29,239341,913935,674594.15,239340.85,71802.93,59835.77,11967.16
OCT,17,Oak Forest,17,81,5967445.8,5500915.74,466530.06,1944414,1477883.87,466530.13,139959.8,116633.21,23326.59
OCT,17,Oak Grove,1,5,513921.96,458143.75,55778.21,159923,104144.74,55778.26,16733.54,13944.62,2788.92
OCT,17,Oak Lawn,39,192,14692474.87,13563746.17,1128728.7,4539117,3410379.22,1128737.78,338623.43,282186.22,56437.21
OCT,17,Oakbrook Terrace,9,45,4470433.43,4106553.95,363879.48,1349096,985216.66,363879.34,109164.23,90970.19,18194.04
OCT,17,Oakdale,1,4,42980.79,40297.98,2682.81,11464,8781.19,2682.81,804.86,670.72,134.14
OCT,17,Oakford,1,4,115740.76,107319.53,8421.23,41041,32619.77,8421.23,2526.4,2105.33,421.07
OCT,17,Oakwood,4,20,1531285.43,1409643.79,121641.64,452625,330862.61,121762.39,36528.8,30440.68,6088.12
OCT,17,Oblong,2,8,295309.71,274543.35,20766.36,78740,57973.44,20766.56,6230.07,5191.73,1038.34
OCT,17,Odell,1,4,194796.09,179673.59,15122.5,59033,43910.56,15122.44,4536.79,3780.66,756.13
OCT,17,Ogden,4,19,616103.39,577117.93,38985.46,190878,151892.54,38985.46,11695.76,9746.48,1949.28
OCT,17,Ogle County,4,19,436925.93,399210.88,37715.05,130456,92741.09,37714.91,11314.64,9428.88,1885.76
OCT,17,Oglesby,14,61,2008191.31,1848048.29,160143.02,602934,442765.65,160168.35,48050.93,40042.48,8008.45
OCT,17,Ohio,1,3,103986.55,95612.16,8374.39,33724,25349.77,8374.23,2512.25,2093.54,418.71
OCT,17,Ohlman,1,5,209112.53,196097.7,13014.83,68258,55243.17,13014.83,3904.46,3253.72,650.74
OCT,17,Okawville,6,26,976332.24,892346.43,83985.81,278403,194417.26,83985.74,25195.98,20996.66,4199.32
OCT,17,Old Shawneetown,1,3,28399.44,26984.36,1415.08,7735,6319.99,1415.01,424.55,353.79,70.76
OCT,17,Olney,10,43,2246963.5,2072568.19,174395.31,630489,456153.35,174335.65,52301.06,43584.21,8716.85
OCT,17,Olympia Fields,1,3,37677.84,34129.31,3548.53,12177,8628.47,3548.53,1064.56,887.13,177.43
OCT,17,Onarga,1,4,116274.47,109509.62,6764.85,50902,44137.15,6764.85,2029.52,1691.27,338.25
OCT,17,Oquawka,3,14,431191.99,396482.86,34709.13,117756,83026.17,34729.83,10419.12,8682.6,1736.52
OCT,17,Orangeville,2,7,176991.85,160219.46,16772.39,55060,38287.61,16772.39,5031.81,4193.17,838.64
OCT,17,Oreana,1,5,148644.96,135893.33,12751.63,46446,33694.37,12751.63,3825.48,3187.9,637.58
OCT,17,Oregon,12,56,2227099.27,2024698.91,202400.36,684100,481694.65,202405.35,60722.2,50601.84,10120.36
OCT,17,Orient,2,9,258880.05,242132.63,16747.42,72652,55905.23,16746.77,5024.01,4186.67,837.34
OCT,17,Orion,3,11,285513.73,260095.58,25418.15,94601,69182.95,25418.05,7625.57,6354.64,1270.93
OCT,17,Orland Hills,4,20,2886464.61,2684028.45,202436.16,864190,661858.49,202331.51,60699.69,50583.09,10116.6
OCT,17,Oswego,9,42,3132872.98,2878632.55,254240.43,989379,735137.87,254241.13,76272.73,63560.63,12712.1
OCT,17,Ottawa,33,142,6466732.45,5970213.25,496519.2,2048549,1552029.48,496519.52,148957.43,124131.23,24826.2
OCT,17,Palestine,3,12,270405.56,250492.54,19913.02,85815,65902.01,19912.99,5973.93,4978.28,995.65
OCT,17,Palmyra,2,8,134861.41,123931.25,10930.16,51119,40189.1,10929.9,3278.95,2732.46,546.49
OCT,17,Palos Hills,11,54,3464335.11,3193465.06,270870.05,1006797,735927.18,270869.82,81261.46,67717.92,13543.54
OCT,17,Pana,10,42,1661446.3,1522593.11,138853.19,506153,367299.89,138853.11,41656.47,34713.72,6942.75
OCT,17,Panama,2,8,140664.95,128665.5,11999.45,40130,28130.54,11999.46,3599.96,2999.97,599.99
OCT,17,Paris,11,50,2329846.49,2141518.24,188328.25,644216,455888.67,188327.33,56498.61,47082.2,9416.41
OCT,17,Park City,2,10,415466.91,381421.33,34045.58,152299,118253.42,34045.58,10213.68,8511.4,1702.28
OCT,17,Park Forest,3,15,524727.69,486371.16,38356.53,179164,140807.23,38356.77,11507.08,9589.24,1917.84
OCT,17,Patoka,1,5,345654.46,322304.7,23349.76,89528,66178.24,23349.76,7004.96,5837.47,1167.49
OCT,17,Paw Paw,1,4,66320.4,62913.94,3406.46,21910,18503.54,3406.46,1021.96,851.63,170.33
OCT,17,Pawnee,3,15,664363.13,617277.15,47085.98,196107,149021.04,47085.96,14125.93,11771.61,2354.32
OCT,17,Paxton,2,10,326764.41,294686.28,32078.13,100665,68587.05,32077.95,9623.5,8019.58,1603.92
OCT,17,Payson,1,3,190093.69,176890.6,13203.09,48625,35422.11,13202.89,3960.91,3300.76,660.15
OCT,17,Pearl,1,3,60455.29,57531.25,2924.04,16039,13114.96,2924.04,877.21,731.01,146.2
OCT,17,Pearl City,2,4,63925.47,57887.82,6037.65,23539,17501.07,6037.93,1811.4,1509.5,301.9
OCT,17,Pecatonica,3,13,800812.78,758437.8,42374.98,246451,204075.52,42375.48,12712.79,10593.99,2118.8
OCT,17,Pekin,34,155,7288796.19,6741103.52,547692.67,2184862,1637170.12,547691.88,164309.29,136924.44,27384.85
OCT,17,Peoria,61,247,11686284.37,10788984.84,897299.53,3666914,2769634.42,897279.58,269186,224321.72,44864.28
OCT,17,Peoria County,21,83,2708777.64,2476433.88,232343.76,861639,629250.93,232388.07,69716.98,58097.51,11619.47
OCT,17,Peoria Heights,12,49,2495972.8,2285458.68,210514.12,789423,578904.39,210518.61,63156.21,52630.18,10526.03
OCT,17,Peotone,7,33,845139.63,773712.54,71427.09,234187,162759.98,71427.02,21428.57,17857.15,3571.42
OCT,17,Percy,2,10,276836.53,250665.44,26171.09,82887,56715.81,26171.19,7851.46,6542.9,1308.56
OCT,17,Perry County,1,2,44541.37,42906.3,1635.07,12373,10737.93,1635.07,490.54,408.79,81.75
OCT,17,Peru,24,113,4724769.41,4364141.03,360628.38,1522876,1162254.61,360621.39,108187.18,90156.01,18031.17
OCT,17,Pesotum,1,4,86432.99,77605.24,8827.75,33964,25136.1,8827.9,2648.41,2207.01,441.4
OCT,17,Petersburg,6,25,836637.19,764465.61,72171.58,253268,181096.42,72171.58,21651.7,18043.08,3608.62
OCT,17,Philo,3,14,396879.24,360652.2,36227.04,135974,99747.06,36226.94,10868.22,9056.86,1811.36
OCT,17,Phoenix,2,10,786818.98,728105.3,58713.68,273453,214740.09,58712.91,17613.93,14678.28,2935.65
OCT,17,Pierron,3,11,251280.19,230533.53,20746.66,72602,51855.27,20746.73,6224.12,5186.76,1037.36
OCT,17,Pinckneyville,6,25,1002373.32,925932.43,76440.89,315393,238944.78,76448.22,22934.6,19112.17,3822.43
OCT,17,Pingree Grove,2,10,1353479.56,1268109.36,85370.2,408431,323645.98,84785.02,25435.61,21196.34,4239.27
OCT,17,Piper City,2,10,188158.59,172340.34,15818.25,70296,54477.76,15818.24,4745.43,3954.53,790.9
OCT,17,Pittsburg,1,5,174333.27,155626.85,18706.42,57320,38613.68,18706.32,5611.95,4676.62,935.33
OCT,17,Pittsfield,6,21,595647.52,546134.49,49513.03,182142,132618.64,49523.36,14857.15,12380.96,2476.19
OCT,17,Plano,10,43,1936700.35,1772699.19,164001.16,595452,431451.36,164000.64,49200.52,41000.44,8200.08
OCT,17,Pleasant Plains,2,10,208409.44,202412.07,5997.37,69558,63560.69,5997.31,1799.23,1499.36,299.87
OCT,17,Plymouth,1,4,133438.68,122690.52,10748.16,32201,21452.7,10748.3,3224.45,2687.05,537.4
OCT,17,Pocahontas,5,20,557793.57,514868.12,42925.45,180351,137425.77,42925.23,12877.7,10731.43,2146.27
OCT,17,Polo,3,13,354965.12,327351.36,27613.76,116145,88531.39,27613.61,8284.16,6903.47,1380.69
OCT,17,Pontiac,20,95,4281149.1,3945690.66,335458.44,1387516,1052059.83,335456.17,100637.91,83864.95,16772.96
OCT,17,Pontoon Beach,8,40,3695754.24,3424306.19,271448.05,1001932,730450.1,271481.9,81445.03,67870.86,13574.17
OCT,17,Pope County,2,6,117936.43,108313.18,9623.25,31646,22022.91,9623.09,2887.02,2405.85,481.17
OCT,17,Poplar Grove,8,38,1623320.69,1502492.72,120827.97,505048,384206.17,120841.83,36252.89,30210.74,6042.15
OCT,17,Port Barrington,3,15,469778.75,439007.49,30771.26,165848,135076.66,30771.34,9231.47,7692.9,1538.57
OCT,17,Port Byron,2,9,203049.62,186889.78,16159.84,57527,41367.42,16159.58,4847.91,4039.92,807.99
OCT,17,Posen,7,34,1383677.79,1278971.19,104706.6,451854,347147.4,104706.6,31412.28,26176.92,5235.36
OCT,17,Potomac,1,5,139715.25,129605.03,10110.22,41806,31695.78,10110.22,3033.05,2527.55,505.5
OCT,17,Prairie Du Rocher,2,10,432375.79,405285.87,27089.92,134597,107506.96,27090.04,8127.14,6772.61,1354.53
OCT,17,Prairie Grove,2,9,370174.29,341585.48,28588.81,131216,102627.39,28588.61,8576.62,7147.19,1429.43
OCT,17,Princeton,15,62,2943676.76,2716229.77,227446.99,865561,638114,227447,68234.7,56862.28,11372.42
OCT,17,Princeville,3,13,269793.22,247094.67,22698.55,92079,69380.37,22698.63,6809.77,5674.82,1134.95
OCT,17,Prophetstown,2,10,312424.25,287962.64,24461.61,94409,69947.05,24461.95,7338.7,6115.58,1223.12
OCT,17,Prospect Heights,11,54,4860536.84,4451812.87,408723.97,1570356,1161652.48,408703.52,122611.62,102176.38,20435.24
OCT,17,Pulaski,1,4,114686.33,105670.35,9015.98,36233,27216.57,9016.43,2704.96,2254.13,450.83
OCT,17,Pulaski County,3,13,345807.95,324628.05,21179.9,105304,84124.17,21179.83,6354.08,5295.07,1059.01
OCT,17,Quincy,50,100,5762381.76,5319558.98,442822.78,1644580,1201756.59,442823.41,132847.87,110706.57,22141.3
OCT,17,Randolph County,4,18,857963.93,802781.91,55182.02,265858,210675.64,55182.36,16554.83,13795.71,2759.12
OCT,17,Rankin,1,3,106934.17,98501.18,8432.99,37995,29562.01,8432.99,2529.98,2108.31,421.67
OCT,17,Ransom,1,5,180073.8,160249.82,19823.98,56730,36906.01,19823.99,5947.28,4956.07,991.21
OCT,17,Rantoul,13,61,3645333.18,3361066.75,284266.43,1158387,874122.3,284264.7,85280.06,71066.74,14213.32
OCT,17,Raymond,2,9,213014.3,193181.37,19832.93,58713,38880.15,19832.85,5949.93,4958.27,991.66
OCT,17,Red Bud,5,20,400783.08,369581.01,31202.07,131663,100309.36,31353.64,9406.32,7838.59,1567.73
OCT,17,Reddick,1,3,45799.27,43515.16,2284.11,14542,12257.89,2284.11,685.34,571.12,114.22
OCT,17,Reynolds,1,3,74432.09,68215.12,6216.97,22589,16371.72,6217.28,1865.2,1554.33,310.87
OCT,17,Richland County,1,3,32302.18,30528.79,1773.39,10547,8773.72,1773.28,531.98,443.31,88.67
OCT,17,Richmond,10,42,2429314.29,2219756.06,209558.23,766256,556697.6,209558.4,62867.93,52389.94,10477.99
OCT,17,Richton Park,6,24,739391.64,685322.06,54069.58,248469,194399.49,54069.51,16221.09,13517.58,2703.51
OCT,17,Ridge Farm,2,7,222187.92,206837.74,15350.18,62112,46761.82,15350.18,4605.05,3837.55,767.5
OCT,17,Ridgway,2,9,340544.1,320862.37,19681.73,73793,54111.27,19681.73,5904.55,4920.46,984.09
OCT,17,Ringwood,2,10,474991.44,438421.11,36570.33,152443,115872.72,36570.28,10971.12,9142.61,1828.51
OCT,17,River Grove,12,58,4209451.74,3864134.96,345316.78,1288871,943553.44,345317.56,103595.89,86329.91,17265.98
OCT,17,Riverdale,1,5,231017.77,210564.99,20452.78,74312,53859.17,20452.83,6135.83,5113.19,1022.64
OCT,17,Riverton,5,25,1159237.07,1070159.27,89077.8,341857,252778.9,89078.1,26723.67,22269.73,4453.94
OCT,17,Roanoke,2,6,71987.65,65941.08,6046.57,21222,15175.43,6046.57,1814.02,1511.69,302.33
OCT,17,Robbins,3,13,313075.41,286416.41,26659,131175,104514.68,26660.32,7998.13,6665.11,1333.02
OCT,17,Roberts,2,5,65613.72,59147.41,6466.31,22882,16415.69,6466.31,1939.9,1616.58,323.32
OCT,17,Robinson,8,36,1182421.54,1088797.65,93623.89,358451,264827.01,93623.99,28087.47,23406.24,4681.23
OCT,17,Rochelle,14,64,2740586.55,2537688.87,202897.68,853008,650110.6,202897.4,60869.78,50724.82,10144.96
OCT,17,Rochester,4,16,461471.74,429237.74,32234,150072,117837.39,32234.61,9670.53,8058.78,1611.75
OCT,17,Rock City,1,5,163113.75,148393.13,14720.62,58407,43686.53,14720.47,4416.2,3680.17,736.03
OCT,17,Rock Falls,20,96,3944006.05,3610238.58,333767.47,1264406,930759.01,333646.99,100095.14,83412.65,16682.49
OCT,17,Rock Island,17,68,3223390.42,2973379.96,250010.46,984726,734715.55,250010.45,75003.69,62503.1,12500.59
OCT,17,Rock Island County,4,13,549290.3,499659.53,49630.77,167770,118139.16,49630.84,14889.39,12407.83,2481.56
OCT,17,Rockdale,7,28,938288.81,860365.85,77922.96,280352,202429.49,77922.51,23377.07,19480.9,3896.17
OCT,17,Rockford,88,428,34077063.98,31367228.95,2709835.03,10854685,8143745.25,2710939.75,813285.72,677738.23,135547.49
OCT,17,Rockton,6,26,900060.11,829937.11,70123,282805,212682.04,70122.96,21037.15,17530.97,3506.18
OCT,17,Romeoville,16,76,4822743.09,4444233.46,378509.63,1466113,1087604.3,378508.7,113553.26,94627.75,18925.51
OCT,17,Roodhouse,4,18,516687.32,473410.32,43277,167495,124218,43277,12983.26,10819.38,2163.88
OCT,17,Roscoe,17,84,7298920.42,6729067.78,569852.64,2232945,1663049.42,569895.58,170969.38,142474.5,28494.88
OCT,17,Roselle,8,38,2807000.73,2587196.01,219804.72,848625,628820.04,219804.96,65941.96,54951.66,10990.3
OCT,17,Roseville,1,5,55364.24,51197.58,4166.66,15734,11567.34,4166.66,1250.06,1041.72,208.34
OCT,17,Rosiclare,1,5,118634.83,108391.07,10243.76,26094,15850.23,10243.77,3073.14,2560.95,512.19
OCT,17,Rossville,1,2,31079.44,28725.57,2353.87,10538,8184.13,2353.87,706.17,588.48,117.69
OCT,17,Round Lake,8,37,2784131.24,2572813.18,211318.06,828775,617456.58,211318.42,63395.82,52829.84,10565.98
OCT,17,Round Lake Beach,12,56,5012966.23,4600167.21,412799.02,1590432,1177632.59,412799.41,123840.14,103200.13,20640.01
OCT,17,Round Lake Heights,3,15,1367116.05,1245486.54,121629.51,441292,319662.69,121629.31,36488.98,30407.49,6081.49
OCT,17,Round Lake Park,5,23,1211432.8,1119970.05,91462.75,386993,295531.15,91461.85,27438.79,22865.67,4573.12
OCT,17,Royal,1,3,58656.81,54719.3,3937.51,18121,14183.59,3937.41,1181.25,984.38,196.87
OCT,17,Royalton,2,6,200935.35,182114,18821.35,48966,30144.67,18821.33,5646.48,4705.4,941.08
OCT,17,Ruma,2,6,79484.96,73909.51,5575.45,26689,21113.1,5575.9,1672.75,1393.96,278.79
OCT,17,Rushville,5,19,468713.32,430935.99,37777.33,139421,101643.14,37777.86,11333.45,9444.54,1888.91
OCT,17,Russellville,1,3,30613.43,27425.75,3187.68,8901,5713.32,3187.68,956.38,796.98,159.4
OCT,17,Sadorus,1,5,113880.17,106574.83,7305.34,37058,29752.41,7305.59,2191.75,1826.46,365.29
OCT,17,Saint Elmo,1,2,8590.97,7681.72,909.25,2012,1102.75,909.25,251.43,209.52,41.91
OCT,17,Sainte Marie,2,6,137609.74,128530.59,9079.15,47399,38319.45,9079.55,2723.84,2269.87,453.97
OCT,17,Salem,16,75,3471209.7,3234776.8,236432.9,987572,751139.19,236432.81,70930.36,59108.65,11821.71
OCT,17,Sandoval,5,23,528277.79,487866.57,40411.22,143043,102631.23,40411.77,12123.75,10103.14,2020.61
OCT,17,Sandwich,10,44,1275496.61,1171366.57,104130.04,391832,287702.85,104129.15,31238.94,26032.46,5206.48
OCT,17,Sangamon County,42,199,12035765.4,11120017.54,915747.86,3923148,3007333.39,915814.61,274746.12,228955.14,45790.98
OCT,17,Sauget,4,18,1171483.05,1076373.76,95109.29,304458,209702.11,94755.89,28426.87,23689.07,4737.8
OCT,17,Sauk Village,1,5,235402.83,215460.81,19942.02,79025,59082.98,19942.02,5982.65,4985.55,997.1
OCT,17,Saunemin,1,4,160344.99,152200.32,8144.67,76844,68699.33,8144.67,2443.42,2036.19,407.23
OCT,17,Savanna,13,49,1331742.68,1223127.1,108615.58,382488,273872.41,108615.59,32584.97,27154.16,5430.81
OCT,17,Savoy,5,21,1865236.03,1712890.22,152345.81,632081,479736.73,152344.27,45703.4,38086.17,7617.23
OCT,17,Sawyerville,1,3,58399.07,53477.24,4921.83,17242,12320.17,4921.83,1476.57,1230.48,246.09
OCT,17,Saybrook,1,4,83158.22,77005.52,6152.7,25290,19137.3,6152.7,1845.86,1538.22,307.64
OCT,17,Scales Mound,1,4,111818.5,101195.09,10623.41,34100,23476.6,10623.4,3187.11,2655.92,531.19
OCT,17,Schiller Park,9,39,2026443.94,1867118.28,159325.66,584023,424697.56,159325.44,47797.84,39831.54,7966.3
OCT,17,Schram City,6,24,526374.49,477005.6,49368.89,167665,118263.99,49401.01,14820.62,12350.54,2470.08
OCT,17,Scott County,1,4,18860.79,19036.67,-175.88,6436,6611.88,-175.88,-52.75,-43.96,-8.79
OCT,17,Seneca,8,33,982318.56,918893.48,63425.08,293949,230596.72,63352.28,19006.04,15838.38,3167.66
OCT,17,Sesser,5,22,470354.21,434595.47,35758.74,165622,129863.35,35758.65,10727.79,8939.83,1787.96
OCT,17,Shabbona,3,13,328749.63,301960.54,26789.09,99928,73138.76,26789.24,8036.87,6697.39,1339.48
OCT,17,Shannon,1,2,49415.51,44721.92,4693.59,14998,10304.42,4693.58,1408.09,1173.41,234.68
OCT,17,Shawneetown,1,5,95098.37,82758.93,12339.44,22572,10232.56,12339.44,3701.86,3084.89,616.97
OCT,17,Sheffield,2,5,83109.94,75920.75,7189.19,28331,21141.81,7189.19,2156.84,1797.37,359.47
OCT,17,Shelby County,1,3,8476.96,7510.94,966.02,4136,3169.93,966.07,289.85,241.54,48.31
OCT,17,Shelbyville,8,36,1410856,1293101.03,117754.97,417154,299398.65,117755.35,35326.69,29438.91,5887.78
OCT,17,Sheldon,2,8,130712.87,120878.13,9834.74,39249,29414.16,9834.84,2950.45,2458.71,491.74
OCT,17,Sheridan,2,8,336873.46,306757.27,30116.19,123401,93284.87,30116.13,9034.91,7529.1,1505.81
OCT,17,Sherman,5,20,1043228.73,976101.92,67126.81,315823,248695.85,67127.15,20138.23,16781.86,3356.37
OCT,17,Sherrard,1,3,90921.51,82868.33,8053.18,26386,18332.82,8053.18,2416.01,2013.34,402.67
OCT,17,Shiloh,4,20,1226877.71,1127337.69,99540.02,351792,252275.33,99516.67,29855.22,24879.35,4975.87
OCT,17,Shipman,1,5,63188.99,58941.65,4247.34,16992,12744.66,4247.34,1274.29,1061.91,212.38
OCT,17,Sibley,1,3,80229.46,74616.81,5612.65,23498,17885.22,5612.78,1683.9,1403.25,280.65
OCT,17,Sidell,2,8,93051.64,84590.54,8461.1,22803,14342.28,8460.72,2538.21,2115.17,423.04
OCT,17,Sidney,1,4,185689.73,176346.41,9343.32,56071,46727.68,9343.32,2803.07,2335.89,467.18
OCT,17,Sigel,1,5,162799.33,147814.89,14984.44,62475,47490.46,14984.54,4495.41,3746.18,749.23
OCT,17,Silvis,8,37,2146781.02,1964595.59,182185.43,621295,439108.93,182186.07,54656.1,45546.75,9109.35
OCT,17,Sleepy Hollow,1,5,260869.97,235639.73,25230.24,79366,54135.76,25230.24,7569.07,6307.56,1261.51
OCT,17,Smithboro,1,5,261917.12,240007.79,21909.33,75384,53474.67,21909.33,6572.83,5477.36,1095.47
OCT,17,Smithton,4,19,673505.49,630782.3,42723.19,186107,143383.85,42723.15,12817.06,10680.87,2136.19
OCT,17,Somonauk,1,5,145595.93,133590.23,12005.7,35084,23078.3,12005.7,3601.76,3001.47,600.29
OCT,17,Sorento,1,4,65593.4,59935.3,5658.1,20407,14748.9,5658.1,1697.47,1414.56,282.91
OCT,17,South Beloit,12,60,6076302.79,5584374.29,491928.5,1742653,1250511.8,492141.2,147642.84,123035.73,24607.11
OCT,17,South Chicago Heights,7,32,1761779.26,1616701.72,145077.54,590505,445427.68,145077.32,43523.39,36269.48,7253.91
OCT,17,South Elgin,16,74,5656532.59,5199050.25,457482.34,1709127,1251646.05,457480.95,137244.95,114370.79,22874.16
OCT,17,South Jacksonville,8,38,2112018.85,1953259.82,158759.03,646609,487849.55,158759.45,47627.99,39690,7937.99
OCT,17,South Pekin,1,3,32266.17,30498.73,1767.44,9681,7913.56,1767.44,530.25,441.88,88.37
OCT,17,South Roxana,2,8,183105.36,168041.6,15063.76,62604,47540.24,15063.76,4519.17,3765.97,753.2
OCT,17,South Wilmington,2,8,160372.55,144573.41,15799.14,57404,41604.47,15799.53,4739.94,3949.96,789.98
OCT,17,Southern View,7,35,2226202.1,2066374.14,159827.96,745988,586160.18,159827.82,47948.72,39957.26,7991.46
OCT,17,Sparta,6,29,995278.05,922823.19,72454.86,318630,246175.26,72454.74,21736.73,18113.95,3622.78
OCT,17,Spaulding,1,5,264938.06,245998.33,18939.73,78966,60026.03,18939.97,5682.07,4735.06,947.01
OCT,17,Spring Grove,2,9,661910.21,606689.77,55220.44,221572,166351.46,55220.54,16566.24,13805.2,2761.04
OCT,17,Spring Valley,8,38,1022315.16,945553.45,76761.71,344302,267540.19,76761.81,23029.01,19190.85,3838.16
OCT,17,Springfield,126,572,29880225.92,27540649.82,2339576.1,9534435,7195230.62,2339204.38,701766.68,584805.73,116960.95
OCT,17,St. Anne,1,4,66980.34,56991.64,9988.7,20236,10248.01,9987.99,2996.47,2497.06,499.41
OCT,17,St. Augustine,2,7,106600.55,97303.07,9297.48,32896,23598.52,9297.48,2789.29,2324.41,464.88
OCT,17,St. Charles,12,53,2342351.23,2154381.71,187969.52,778319,590349.25,187969.75,56391.39,46992.82,9398.57
OCT,17,St. Clair County,17,76,3450805.02,3181265.36,269539.66,999801,730224.39,269576.61,80873.82,67394.89,13478.93
OCT,17,St. David,2,5,136246.5,123359.59,12886.91,37819,24932.09,12886.91,3866.15,3221.8,644.35
OCT,17,St. Francisville,1,3,48434.95,43986.52,4448.43,12728,8279.65,4448.35,1334.52,1112.1,222.42
OCT,17,St. Jacob,1,5,67283.61,64875.3,2408.31,15209,12800.69,2408.31,722.52,602.1,120.42
OCT,17,St. Johns,2,9,244915.94,225165.93,19750.01,72979,53229.29,19749.71,5925.03,4937.52,987.51
OCT,17,St. Joseph,2,9,439903.11,413051.15,26851.96,126731,99878.84,26852.16,8055.69,6713.07,1342.62
OCT,17,St. Libory,1,3,94368.34,86170.78,8197.56,30831,22633.84,8197.16,2459.19,2049.32,409.87
OCT,17,St. Peter,2,5,143100.07,139033.71,4066.36,36146,32079.69,4066.31,1219.94,1016.62,203.32
OCT,17,St. Rose,1,3,18889.83,17108.24,1781.59,6927,5145.41,1781.59,534.47,445.39,89.08
OCT,17,Standard,1,3,91746.87,85479.72,6267.15,22656,16388.9,6267.1,1880.16,1566.8,313.36
OCT,17,Stark County,1,3,91891.55,87557.48,4334.07,25925,21590.93,4334.07,1300.25,1083.55,216.7
OCT,17,Staunton,9,41,1167770.33,1063282.48,104487.85,327738,223249.06,104488.94,31347.08,26122.6,5224.48
OCT,17,Steeleville,4,20,911129.15,832527.84,78601.31,281065,202463.66,78601.34,23580.7,19650.58,3930.12
OCT,17,Steger,10,47,2433682.48,2241449.05,192233.43,770962,578730.75,192231.25,57669.82,48058.22,9611.6
OCT,17,Stephenson County,8,37,1463025.31,1331699.21,131326.1,515362,384036.54,131325.46,39397.75,32831.47,6566.28
OCT,17,Sterling,20,96,4033861.5,3723602.91,310258.59,1282750,972491.75,310258.25,93078.28,77565.25,15513.03
OCT,17,Steward,1,2,86885.68,80443.4,6442.28,18711,12268.67,6442.33,1932.69,1610.57,322.12
OCT,17,Stickney,6,30,2316052.8,2139708.47,176344.33,719800,543455.56,176344.44,52903.52,44086.28,8817.24
OCT,17,Stillman Valley,4,19,781411.74,726916.59,54495.15,270357,215861.88,54495.12,16348.78,13623.99,2724.79
OCT,17,Stockton,7,31,981731.1,902953.29,78777.81,294557,215781.1,78775.9,23633,19694.17,3938.83
OCT,17,Stone Park,8,36,2007155.62,1843713.89,163441.73,594537,431095.29,163441.71,49032.91,40860.77,8172.14
OCT,17,Stonington,1,4,147370.81,135076.38,12294.43,40137,27842.54,12294.46,3688.44,3073.71,614.73
OCT,17,Strasburg,2,8,232971.55,212744.04,20227.51,63209,42981.51,20227.49,6068.29,5056.92,1011.37
OCT,17,Strawn,1,4,51585.27,46414.79,5170.48,16742,11571.52,5170.48,1551.14,1292.61,258.53
OCT,17,Streamwood,10,48,3863836.6,3527464.11,336372.49,1159147,822774.09,336372.91,100912.28,84093.59,16818.69
OCT,17,Streator,30,137,5471760.39,5053152.94,418607.45,1729679,1311072.27,418606.73,125583.4,104652.9,20930.5
OCT,17,Sublette,3,10,234884.6,213410.41,21474.19,76162,54687.81,21474.19,6442.35,5368.65,1073.7
OCT,17,Sugar Grove,4,19,834262.84,766910.96,67351.88,250370,183042.8,67327.2,20198.37,16831.98,3366.39
OCT,17,Sullivan,6,27,717078.39,659376.19,57702.2,207293,149590.73,57702.27,17310.84,14425.71,2885.13
OCT,17,Summerfield,1,3,68101.09,61789.8,6311.29,21647,15335.71,6311.29,1893.43,1577.86,315.57
OCT,17,Summit,24,117,7329934.04,6768509.17,561424.87,2270395,1708969.43,561425.57,168428.64,140357.24,28071.4
OCT,17,Swansea,9,44,2392416.75,2199059.99,193356.76,726045,532688.13,193356.87,58007.37,48339.48,9667.89
OCT,17,Sycamore,13,58,3097056.18,2847971.11,249085.07,949198,700112.71,249085.29,74726.28,62271.91,12454.37
OCT,17,Symerton,1,3,126584.19,118550.06,8034.13,39825,31790.72,8034.28,2410.31,2008.59,401.72
OCT,17,Table Grove,2,6,69878.56,61056.23,8822.33,25155,16332.8,8822.2,2646.76,2205.63,441.13
OCT,17,Tallula,1,4,146233.64,133670.28,12563.36,48996,36432.64,12563.36,3769.04,3140.87,628.17
OCT,17,Tamaroa,1,3,97324.55,92100.6,5223.95,29076,23852.05,5223.95,1567.21,1306.01,261.2
OCT,17,Tampico,1,5,147443.08,135888.1,11554.98,50169,38614.02,11554.98,3466.57,2888.81,577.76
OCT,17,Taylor Springs,2,8,105132.49,96676.61,8455.88,33900,25444.12,8455.88,2536.79,2113.99,422.8
OCT,17,Taylorville,24,111,4777494.77,4412368.07,365126.7,1502504,1137396.76,365107.24,109533.31,91277.81,18255.5
OCT,17,Tazewell County,18,68,1452990.18,1342125.89,110864.29,492430,381566.23,110863.77,33259.66,27716.4,5543.26
OCT,17,Teutopolis,6,23,1101779.23,1016669.89,85109.34,321672,236562.66,85109.34,25532.96,21277.47,4255.49
OCT,17,Thayer,2,8,119044.04,108882.94,10161.1,43396,33235.06,10160.94,3048.28,2540.23,508.05
OCT,17,Thebes,1,3,27171.08,25959.62,1211.46,6450,5238.54,1211.46,363.45,302.87,60.58
OCT,17,Third Lake,2,8,408362.53,380490.02,27872.51,108688,80815.58,27872.42,8361.74,6968.12,1393.62
OCT,17,Thomasboro,2,10,135818.91,127883.07,7935.84,39014,31078.16,7935.84,2380.8,1984,396.8
OCT,17,Thomson,2,9,180308.96,165974.22,14334.74,50142,35807.26,14334.74,4300.51,3583.77,716.74
OCT,17,Thornton,2,10,525762.61,486272.66,39489.95,177891,138400.9,39490.1,11847.18,9872.65,1974.53
OCT,17,Tilden,1,5,236044.19,215840.8,20203.39,79790,59586.61,20203.39,6061.03,5050.86,1010.17
OCT,17,Tilton,7,34,2438271.58,2236619.56,201652.02,746225,544573.35,201651.65,60495.72,50413.11,10082.61
OCT,17,Tinley Park,29,134,7960459.73,7327913.72,632546.01,2401864,1769168.48,632695.52,189809.26,158174.47,31634.79
OCT,17,Tiskilwa,2,7,246837.22,230561.99,16275.23,108808,92532.73,16275.27,4882.65,4068.87,813.78
OCT,17,Toledo,2,10,232001.97,213261.11,18740.86,74879,56138.63,18740.37,5622.12,4685.1,937.02
OCT,17,Tolono,5,22,556600.74,518042.54,38558.2,196901,158342.55,38558.45,11567.67,9639.74,1927.93
OCT,17,Toluca,4,16,398595.13,369364.59,29230.54,96255,67024.46,29230.54,8769.29,7307.75,1461.54
OCT,17,Tonica,2,9,215788.64,200011.26,15777.38,65089,49311.62,15777.38,4733.26,3944.39,788.87
OCT,17,Toulon,2,4,63575.86,63195.86,380,19035,18655.2,379.8,113.98,94.98,19
OCT,17,Tovey,1,5,292588.72,276519.91,16068.81,80991,64922.19,16068.81,4820.76,4017.3,803.46
OCT,17,Towanda,1,5,213254.95,200526.05,12728.9,60474,47745.1,12728.9,3818.72,3182.27,636.45
OCT,17,Tremont,5,18,1497945.27,1384459.27,113486,428424,314936.24,113487.76,34046.55,28372.13,5674.42
OCT,17,Trenton,3,13,430404.13,391770.73,38633.4,127018,88384.34,38633.66,11590.22,9658.52,1931.7
OCT,17,Troy,8,37,2567749.74,2363653.92,204095.82,730523,526512.57,204010.43,61203.38,51002.83,10200.55
OCT,17,Troy Grove,2,8,99685.43,92864.29,6821.14,28514,21693.3,6820.7,2046.26,1705.22,341.04
OCT,17,Tuscola,9,42,1949420.59,1803596.01,145824.58,582368,436574.61,145793.39,43738.48,36448.77,7289.71
OCT,17,Union,4,14,315525.64,287647.5,27878.14,98851,70972.81,27878.19,8363.51,6969.6,1393.91
OCT,17,Union County,5,21,838017.08,775115.43,62901.65,225612,162696.03,62915.97,18874.91,15729.09,3145.82
OCT,17,University Park,4,18,846013.78,774582.44,71431.34,267250,195818.61,71431.39,21429.5,17857.92,3571.58
OCT,17,Urbana,23,109,6780878.49,6233362.84,547515.65,2357178,1809623.25,547554.75,164267.26,136889.38,27377.88
OCT,17,Ursa,2,5,57480.04,53396.92,4083.12,16716,12632.99,4083.01,1224.91,1020.75,204.16
OCT,17,Valmeyer,1,3,22510.87,22184.3,326.57,8270,7943.43,326.57,98,81.66,16.34
OCT,17,Vandalia,17,83,3478549.42,3197737.62,280811.8,1042097,761128.62,280968.38,84291.28,70242.73,14048.55
OCT,17,Venedy,1,4,70468.24,65723.67,4744.57,20751,16006.63,4744.37,1423.39,1186.16,237.23
OCT,17,Venice,2,7,47928.73,44890.14,3038.59,21539,18500.41,3038.59,911.61,759.68,151.93
OCT,17,Vermilion County,17,75,3249377.64,2979971.46,269406.18,995881,726474.87,269406.13,80822.81,67352.32,13470.49
OCT,17,Vermont,2,5,91343.35,81203.11,10140.24,29945,19804.76,10140.24,3042.07,2535.06,507.01
OCT,17,Victoria,1,5,157918.26,147696.26,10222,46386,36164.27,10221.73,3066.59,2555.5,511.09
OCT,17,Vienna,3,14,401094.24,361857.96,39236.28,113477,74245.72,39231.28,11769.59,9808.01,1961.58
OCT,17,Villa Grove,3,13,368218.73,338807.66,29411.07,118133,88721.87,29411.13,8823.5,7352.93,1470.57
OCT,17,Villa Park,18,85,7446793.44,6826723.59,620069.85,2267958,1647888.8,620069.2,186021.6,155018.01,31003.59
OCT,17,Viola,1,3,31509.36,29312.21,2197.15,10021,7823.46,2197.54,659.25,549.38,109.87
OCT,17,Virden,5,21,701453.76,648825.02,52628.74,199885,147256.7,52628.3,15788.6,13157.18,2631.42
OCT,17,Virgil,1,3,95871.04,91799.6,4071.44,28526,24454.66,4071.34,1221.38,1017.82,203.56
OCT,17,Virginia,4,16,769765.53,709017.95,60747.58,241268,180520.28,60747.72,18224.41,15187.01,3037.4
OCT,17,Wadsworth,11,55,7663506.19,7112820.17,550686.02,2472581,1921731.63,550849.37,165255.35,137712.79,27542.56
OCT,17,Walnut,2,9,215376.25,198847.39,16528.86,80748,64219.39,16528.61,4958.6,4132.18,826.42
OCT,17,Walnut Hill,2,10,376056.9,344309.94,31746.96,102022,70275.1,31746.9,9524.19,7936.84,1587.35
OCT,17,Wamac,3,15,602776.14,561443.36,41332.78,147306,105973.01,41332.99,12400.05,10333.37,2066.68
OCT,17,Wapella,3,14,297912.8,272454.42,25458.38,100205,74727.87,25477.13,7643.28,6369.4,1273.88
OCT,17,Warren,4,16,289394.68,261301.99,28092.69,89175,61082.31,28092.69,8428,7023.34,1404.66
OCT,17,Warrensburg,1,5,160948.51,151081.47,9867.04,52748,42880.93,9867.07,2960.18,2466.82,493.36
OCT,17,Warsaw,2,6,64225.67,58154.84,6070.83,18776,12705.27,6070.73,1821.28,1517.73,303.55
OCT,17,Washburn,1,4,54622.1,51959.4,2662.7,18198,15535.3,2662.7,798.84,665.7,133.14
OCT,17,Washington,9,39,1392924.28,1275940.99,116983.29,414678,297694.87,116983.13,35095.4,29246.17,5849.23
OCT,17,Washington County,3,13,188424.35,178364.58,10059.77,63021,52961.88,10059.12,3017.85,2514.88,502.97
OCT,17,Washington Park,1,5,424963.54,396927.62,28035.92,133828,105792.16,28035.84,8410.81,7009.01,1401.8
OCT,17,Wataga,1,4,122226.03,113149.83,9076.2,41315,32238.8,9076.2,2722.94,2269.12,453.82
OCT,17,Waterloo,10,40,2124175.97,1937598.14,186577.83,602337,415753.05,186583.95,55975.6,46646.35,9329.25
OCT,17,Waterman,2,7,150918.33,140216.89,10701.44,49075,38373.56,10701.44,3210.49,2675.41,535.08
OCT,17,Watseka,11,51,1349264.59,1237021.57,112243.02,485777,373534.49,112242.51,33673.11,28060.93,5612.18
OCT,17,Wauconda,17,81,4621522.3,4246468.56,375053.74,1374753,999699.14,375053.86,112517.13,93764.31,18752.82
OCT,17,Waukegan,53,252,21251600.58,19538459.19,1713141.39,7195775,5482637.77,1713137.23,513943.76,428286.55,85657.21
OCT,17,Waverly,3,12,473122.48,428949.71,44172.77,172861,128688.23,44172.77,13251.97,11043.32,2208.65
OCT,17,Wayne County,2,10,279062.2,256741.72,22320.48,70955,48634.77,22320.23,6696.19,5580.16,1116.03
OCT,17,Waynesville,1,3,43417.96,40488.3,2929.66,11743,8813.39,2929.61,878.83,732.36,146.47
OCT,17,Wenona,4,20,500569.78,462596.28,37973.5,162279,124305.62,37973.38,11392.31,9493.6,1898.71
OCT,17,West Brooklyn,2,8,181317.95,166231.66,15086.29,63672,48585.77,15086.23,4525.94,3771.63,754.31
OCT,17,West City,3,15,763329.18,692986.13,70343.05,200165,129822.02,70342.98,21103.08,17585.9,3517.18
OCT,17,West Dundee,7,27,467715.64,434969.63,32746.01,169173,136427.08,32745.92,9823.96,8186.63,1637.33
OCT,17,West Frankfort,8,35,1771132.6,1633690.06,137442.54,489574,352130.92,137443.08,41233.13,34360.94,6872.19
OCT,17,West Peoria,13,56,2448728.26,2257619,191109.26,818012,626900.6,191111.4,57333.97,47778.32,9555.65
OCT,17,Westchester,5,25,2881182.69,2644742.05,236440.64,990327,753886.46,236440.54,70932.42,59110.36,11822.06
OCT,17,Westmont,13,63,7383562.14,6829031.46,554530.68,2111055,1556523.62,554531.38,166360.05,138633.38,27726.67
OCT,17,Westville,5,24,997617.89,926404.69,71213.2,306441,235227.44,71213.56,21364.32,17803.62,3560.7
OCT,17,Wheeling,14,59,4924946.62,4520191.49,404755.13,1570218,1165463.59,404754.41,121426.82,101189.04,20237.78
OCT,17,White Hall,3,13,299648.27,274926.52,24721.75,82518,57796.01,24721.99,7416.77,6180.65,1236.12
OCT,17,Whiteside County,8,36,1132817.94,1038026.15,94791.79,346996,252204.55,94791.45,28437.82,23698.19,4739.63
OCT,17,Will County,24,105,3839585.19,3520384.96,319200.23,1159439,840230.72,319208.28,95763.47,79802.91,15960.56
OCT,17,Williamson,1,5,276783.07,255329.06,21454.01,81777,60322.99,21454.01,6436.24,5363.53,1072.71
OCT,17,Williamson County,14,61,1901677.67,1760044.47,141633.2,562970,421337.69,141632.31,42490.12,35408.45,7081.67
OCT,17,Williamsville,2,8,723538.62,664457.2,59081.42,220990,161908.51,59081.49,17724.59,14770.5,2954.09
OCT,17,Willisville,2,8,149239.05,140242.79,8996.26,44865,35868.79,8996.21,2698.93,2249.12,449.81
OCT,17,Willow Springs,5,24,953752.88,881370.57,72382.31,297857,225478.26,72378.74,21713.81,18094.86,3618.95
OCT,17,Willowbrook,4,20,1026802.36,957746.58,69055.78,328060,259004.27,69055.73,20716.86,17264.06,3452.8
OCT,17,Wilmington (Will),10,44,2000136.62,1836567.12,163569.5,578027,414458.08,163568.92,49070.99,40892.51,8178.48
OCT,17,Wilsonville,2,7,72195.23,66122.32,6072.91,25453,19380.09,6072.91,1821.92,1518.27,303.65
OCT,17,Winchester,3,13,440432.53,404532.65,35899.88,138986,103086.18,35899.82,10770.1,8975.08,1795.02
OCT,17,Windsor (Mercer),1,2,35862.28,32307.04,3555.24,10068,6512.76,3555.24,1066.59,888.83,177.76
OCT,17,Windsor (Shelby),3,11,235721.34,217010.94,18710.4,74432,55721.29,18710.71,5613.24,4677.71,935.53
OCT,17,Winnebago County,12,58,5956829.64,5509984.28,446845.36,1730377,1283150.16,447226.84,134168.65,111807.24,22361.41
OCT,17,Winslow,1,3,104043.88,95279.01,8764.87,31997,23232.38,8764.62,2629.44,2191.21,438.23
OCT,17,Winthrop Harbor,9,41,2748576.27,2538896.67,209679.6,848671,638991.2,209679.8,62904.3,52420.26,10484.04
OCT,17,Witt,1,3,101075.73,90764.65,10311.08,31728,21416.94,10311.06,3093.36,2577.8,515.56
OCT,17,Wood Dale,9,41,2465098.18,2270155.62,194942.56,758991,564048.21,194942.79,58483.21,48736.04,9747.17
OCT,17,Wood River,14,61,2989583.5,2778991.08,210592.42,826942,616350.35,210591.65,63178.06,52648.39,10529.67
OCT,17,Woodford County,2,7,183468.5,171311.74,12156.76,51959,39801.31,12157.69,3647.44,3039.53,607.91
OCT,17,Woodhull,4,18,1015927.31,938718.95,77208.36,275985,198774.74,77210.26,23163.33,19302.79,3860.54
OCT,17,Woodridge,7,30,1346822.77,1236361.11,110461.66,424300,313838.34,110461.66,33138.75,27615.63,5523.12
OCT,17,Woodson,1,5,217300.36,205093.16,12207.2,66630,54422.7,12207.3,3662.2,3051.83,610.37
OCT,17,Woodstock,22,104,4708164.03,4300260.57,407903.46,1539508,1131604.85,407903.15,122371.95,101976.65,20395.3
OCT,17,Worden,2,6,182100.55,167442.61,14657.94,46226,31568.05,14657.95,4397.41,3664.51,732.9
OCT,17,Worth,13,61,4327672.32,3994323.78,333348.54,1310289,976940.71,333348.29,100004.99,83337.51,16667.48
OCT,17,Wyanet,2,8,211075.66,200743.57,10332.09,60991,50659.06,10331.94,3099.72,2583.1,516.62
OCT,17,Wyoming,2,8,270649.64,250554.77,20094.87,73799,53704.35,20094.65,6028.39,5023.66,1004.73
OCT,17,Yates City,1,3,155787.89,141113.54,14674.35,41004,26329.65,14674.35,4402.33,3668.61,733.72
OCT,17,Yorkville,15,68,2493390.7,2282990.05,210400.65,766341,555940.57,210400.43,63120.57,52600.51,10520.06
OCT,17,Zeigler,2,10,411182.48,380264.36,30918.12,116551,85632.78,30918.22,9275.47,7729.55,1545.92
OCT,17,Zion,7,35,3638910.33,3320113.85,318796.48,1232466,913669.61,318796.39,95639.34,79699.46,15939.88
